Source Port,Destination Port,Protocol,Flow Duration,Total Fwd Packets,Total Backward Packets,Total Length of Fwd Packets,Total Length of Bwd Packets,Fwd Packet Length Max,Fwd Packet Length Min,Fwd Packet Length Mean,Fwd Packet Length Std,Bwd Packet Length Max,Bwd Packet Length Min,Bwd Packet Length Mean,Bwd Packet Length Std,Flow Bytes/s,Flow Packets/s,Flow IAT Mean,Flow IAT Std,Flow IAT Max,Flow IAT Min,Fwd IAT Total,Fwd IAT Mean,Fwd IAT Std,Fwd IAT Max,Fwd IAT Min,Bwd IAT Total,Bwd IAT Mean,Bwd IAT Std,Bwd IAT Max,Bwd IAT Min,Fwd PSH Flags,Bwd PSH Flags,Fwd URG Flags,Bwd URG Flags,Fwd Header Length,Bwd Header Length,Fwd Packets/s,Bwd Packets/s,Min Packet Length,Max Packet Length,Packet Length Mean,Packet Length Std,Packet Length Variance,FIN Flag Count,SYN Flag Count,RST Flag Count,PSH Flag Count,ACK Flag Count,URG Flag Count,CWE Flag Count,ECE Flag Count,Down/Up Ratio,Average Packet Size,Avg Fwd Segment Size,Label
2735,21,6,175.9190270211193,411.4025567347027,914.931406892366,535.8612536145954,452.3083647841828,28.484713112630455,332.59261927757876,657.4635455661626,724.3315589213655,452.4285813077338,648.8772496197421,398.3244003341524,731.809864720853,555.9976573758363,871.2123891015337,11.476450708533203,16.96199686825195,749.3376089529888,572.4882883291679,878.4531469707515,849.4005175723773,536.1727674502816,745.0509892653394,558.6333288109246,616.8335156965843,611.1489863503733,176.38117298746158,847.277580288205,526.4946661787491,360.5907727276051,833.9950323348579,366.5259131314971,693.21099215595,116.95870959342002,47.36205715220676,535.1659657680995,53.932230071112585,833.118220236674,784.3202780131032,371.80747020074955,989.872961044098,252.10717656649263,628.1209115684243,811.5650455422401,894.4163956381515,158.500045148252,189.1342145286411,115.54668042005656,574.3291348921475,812.3597342279859,164.77861978061125,253.19207741398662,740.6076888616828,0
38428,930,17,809.9583474350806,248.9910091346027,722.507497336441,698.252573881321,563.4836057069818,441.62382184167103,566.2345626995308,292.0839469679107,900.779711631899,977.4019059554722,593.8152129312579,432.5405288159886,138.53998929282852,896.5971804326153,503.6640596492392,177.17596238763954,350.41431234635303,28.72576108880709,996.5423813152019,596.0603773200979,787.1795474720185,132.6763021424646,97.53788737642633,620.6659149233506,517.9034121642978,489.6079701068468,740.076708010547,927.5784285276908,731.0302249332233,186.949155355432,537.6753388717631,563.8498637197064,693.6500449269816,341.5577798532584,418.62591732181306,106.91325012447194,72.07647915307336,572.0121010974786,159.4676345792738,802.6619876726943,97.02651551894381,731.44948866416,73.36536688961215,796.0671698004114,295.85627851583575,673.6446785011109,966.0467084106061,522.462722298953,903.2831169027213,777.8130977163014,908.7782500722792,763.3373316829603,595.7312018831185,0
30021,15,17,898.067537725899,90.98591696892888,384.43494365663213,974.1119290804282,867.9067744544504,440.7736940814361,152.32797999824456,301.46890012800174,354.92207711215565,199.21828783525197,589.4360982668662,616.7218795049977,368.68402792131525,94.00626523748656,129.8245395208545,375.465260915641,439.69207402814635,662.2609099001594,112.31340915736054,923.8567338458043,474.09634872462937,885.948337279498,391.3477559938838,416.044781782251,317.31125658497496,491.60541470331884,730.3682631297374,275.2899434381209,676.605463907879,519.282293782455,465.2027586279942,571.7494800044989,361.1407475750469,289.5606657022807,827.1851598133703,906.0943860535386,716.4757099982514,486.9066284089868,807.685870436941,949.1612543300098,460.5654953429296,368.3058391707152,394.5380722146187,564.2479267419218,6.894880800218495,180.72882030979375,129.8581436733699,355.5150548112017,828.1506754776018,131.68158683911258,959.2017416210181,816.1872588479536,641.4536441049456,0
58105,52,17,876.9157420877508,221.33899165869286,403.8826773664794,241.52805610589056,22.533593180472767,742.8337926175092,896.0777619303964,519.8309836480228,450.70644093373437,498.7641242188776,825.1075112156344,605.4318110450903,755.8171972996207,947.1881750744847,293.1386997403833,22.04965702256223,178.5059994869822,718.8548413085152,409.57695853030765,266.41502583609866,205.13215205996516,146.47551990493713,139.7616053148284,712.4465556028008,690.6898938406329,217.9100507987396,514.7106573713793,766.0606061839043,0.040712672254472615,686.6536475998352,948.6401322282244,270.07800271793326,267.1579012987009,882.9306777394769,888.225003415277,830.1327624434147,933.8672349005774,724.6111920197707,999.350053391844,231.2256103413215,10.454653149783887,259.8099884605628,305.61498294272417,32.201074215299606,652.0173432552135,967.0591977332596,955.6623445960928,286.4608904275365,997.8542171308158,412.4127723396414,887.2905277481892,51.957532719552944,503.3142107644147,0
50608,833,17,625.7205850143184,985.8424737206528,201.76933360213224,839.8979559721231,619.4294353962429,247.14731207404373,663.7739515360079,69.12943043450059,69.33311840415124,32.95302377361553,170.2773313854382,448.06066564082147,749.599248177623,818.6767894685988,421.08860247427515,257.41767209245324,410.64059232201276,871.5097302598856,219.70580990888556,223.97628836684925,655.8617210534081,818.4157120167907,830.4467745319658,318.2558647356298,701.676473960952,852.4068763938784,82.55045839762786,366.9147420502228,826.1060539599059,708.6233116434033,33.916504396198974,754.8613890633804,688.5511564095398,616.5687178672725,894.5598628852683,999.8656749104938,769.5788491547664,855.0644542310486,210.23963179179427,931.4324491676093,689.8583716343715,442.38507601295805,268.8223826324917,572.2851506470113,851.6037632660848,914.823279553348,810.7263764194191,941.627125307507,360.28289131015157,587.246525574573,342.39604356943045,51.97457067851674,820.2769828909985,0
61372,447,17,595.0437888080344,125.14699123674534,748.8615995409259,437.41970154728784,540.8436564806868,975.6229514767682,584.3150961665169,41.77666090668786,887.2887071511688,843.8162796566738,183.70583005056562,289.8085008871816,16.22400567527893,535.2275268403253,573.7147306149736,12.326451886421452,880.8680622295731,140.72189486086938,887.501497901529,932.8772481279361,699.7596146246137,429.6718143875743,984.0516072630129,57.68623049696675,78.7875228758903,961.8069723267023,701.4485891781356,849.6293349811418,492.33159798390534,733.3939399554929,89.4069115816607,287.65090606383114,472.75900170206984,375.2432541806584,55.10094091022077,492.01691399241264,663.4730800010389,677.6884062228195,874.3408772295136,947.2234096502896,932.2014288650929,570.8042194155203,498.8098816761871,619.1938784759072,2.924582711511192,627.2892852791714,999.8186765830627,159.4149288840465,676.2274159468706,716.1442410491927,684.7595590892385,286.01800372500594,975.4563682934415,0
24616,513,6,839.7174280666799,436.7581836690719,453.0389984700568,957.8381242688863,139.438938422627,138.17711940364495,872.1939484197699,658.7138885717378,316.75314869430724,503.1427827598921,658.1370649504886,680.0847976003784,521.5732610161099,491.67831232392814,832.4963511771795,846.4493005790199,358.75932548382826,890.921571630101,909.6403391894812,383.1068791536205,883.2543684593486,69.91436962687348,41.38845773350008,196.93689741108167,908.8039588566066,228.88862834100254,808.682144073562,968.9234972791111,761.313784831064,514.4059295293082,707.0944065321702,306.25511023316034,369.59240749588906,603.9577615655921,864.9019552179834,74.82380647939257,827.6739889826296,181.89935559808455,259.97836717899736,198.81228282102404,792.5378840676375,573.4028470615356,568.8407749682951,919.2518583104294,761.4102190518358,67.9000089798102,331.81182595735817,482.94529376694373,851.3549888207777,793.2646118050847,310.29818089820606,784.12330135026,923.3909140203274,0
53025,100,17,694.1087803313479,708.7537952777318,789.1005655656431,891.0201332214275,259.7496491487811,273.63801466406437,496.4743171074946,598.466344624742,648.5388834697899,988.3381248804683,315.3437116797799,68.60036182619523,14.672617604260086,415.484442022381,465.14969319697354,571.6539287625017,54.20242140616194,954.2532203311201,837.9104337868624,111.61251523541893,476.226242212693,558.3971632689271,45.43196674878669,587.2754226723695,17.469030342710525,735.991616746446,473.34451698544166,551.6939928429354,896.2632926461968,408.5680433727561,471.5186656020662,622.5618265170716,383.441969187274,632.9780934235578,778.7353816941123,232.0658508257004,609.4611343362888,561.8896246691511,369.1782494185003,229.01499887455012,627.2025836493177,120.93853227278129,361.96867331509907,454.6733486493457,460.0115962478336,996.7615111492598,914.759566879133,457.07422897585013,554.7999035068261,462.39594633964253,898.1876743132417,411.95921045437467,53.14520394327937,0
39137,850,6,293.7445902577962,268.36909717655885,932.4958406067805,645.1897332725837,78.22221768799953,834.7478178539087,643.1769660602796,584.1216496467448,408.48179219861294,324.38492208916625,130.57531952339784,584.2701179775903,617.0376751819316,731.7339968639543,876.7026033105797,100.71349302855059,186.89706342411105,432.8330949667146,920.41870802638,600.7863341068054,599.7815866078909,66.43252955039158,648.67884281099,407.2619172821631,218.74657399230068,409.62064377029793,265.7932208734464,296.4387835485449,330.515644202671,940.6981010056946,865.8008265625384,992.5575979737139,696.430191094258,57.468254803441646,861.743840944833,14.457194063334011,101.33268947360719,846.2553622195554,271.37600148394216,515.8265566246456,576.4165055514769,79.4587975164539,869.167432744858,292.59343986521424,493.9126367346751,803.1434033406315,356.86379657371447,667.3932082914753,329.34434129655557,539.4949037444196,569.4029939804791,655.8873711426437,937.6647161319888,0
45802,685,6,603.8411507878463,198.99934910724093,131.8524936740323,190.69837887158937,670.1625446541412,152.59567965735476,433.9931439971959,854.3761376204079,467.24004613058366,918.5850282816712,732.8172047880619,142.3561210925698,501.457803551167,698.8624583512542,44.006451585930975,53.763476021175926,604.3094267529077,600.1908933189271,838.892581069663,461.6924452641661,776.4161228232276,399.1196694006519,54.95605328135744,315.1260755953915,84.07186822762225,281.21535986841496,969.4354526413483,864.2107263278397,890.7651906341767,288.7297216798662,252.845283525307,213.94331110016006,249.3856563844894,789.042061040261,26.348257963950683,187.10351955555882,695.237906247346,959.0656824081003,540.3480455647442,929.0084875337303,550.3617580723986,196.99999574890458,161.43873718230716,885.8489701582168,959.9677220567169,579.4127957895168,499.93648273861055,554.7194090324383,9.3758372186884,229.42278521894733,242.00819096871285,183.9605089760139,870.2934403607406,0
63379,534,6,996.322355371624,524.3563923868892,846.0487581989255,348.44744097188493,935.138591424284,253.8672670349652,722.4278958943261,507.0934394890022,321.56735527479606,4.937016930158689,212.85658973236798,362.7417257008265,488.9061201655485,840.9213444589177,948.0360719862921,265.04749974146546,78.99473357453202,781.2032239829679,1.5849081187299108,65.75713075391754,661.0120838365843,458.932321484631,608.3029525997204,122.18767834348843,363.1144313100113,65.11168913758125,643.9093240262582,690.5239760583146,800.3295214464126,470.7377118794339,810.1375439630158,166.60844887784842,233.8786590363261,82.88951041120329,461.3318120094583,168.65577622453299,749.5727121162253,312.8076107178471,546.4739012503193,899.7601435154692,59.51524295981025,771.8287977698596,276.1755362779837,832.2835001290267,594.258910099906,347.8766166627949,855.9541811016011,49.22841065992878,787.0355607281335,969.3459327390466,415.69354754063784,601.7440503246956,95.93592715272025,0
49290,850,17,501.97874226298325,475.40854953725864,317.249946006242,372.52289238611445,821.9190026554319,53.86993703078069,453.4652082671867,309.32802973853234,863.8852742923746,498.01076451013984,26.219583370802546,444.9236727978668,723.7745216430911,825.8888224941629,247.62548759374369,505.4953818625415,142.62799826106675,630.6165032135706,555.3557195138993,813.0017126495454,866.688187316445,494.5344857779825,297.1649383947802,218.3000319993692,855.8333888097399,35.02602987113701,999.9665007179229,245.99390841435732,568.0087549671325,259.37900927199917,262.5945386412151,784.4262506884273,485.93199398577235,354.44937139908484,25.659999385433395,639.4861141910455,804.5039074163659,478.8386680776501,889.0531969123185,6.159143736463313,535.9763461531578,523.0584169592719,594.9273164821532,815.6583981530006,890.1961792481139,975.9838750516957,442.292228075848,20.088430516085552,759.2473817805552,975.2647329013594,703.4256245541073,184.60755479613655,594.7370620603436,0
23191,957,17,703.9744914405716,971.1065748278469,62.207598853062706,668.9420144135395,370.5760154567276,615.5232263597611,673.6157463727017,594.6114089260675,593.0755248567729,915.2864646084637,277.3735891523037,611.2791060837197,258.7452160850542,91.15581922258598,403.90083480821295,871.2411596275371,354.06754176282686,337.0283065642965,714.09239005496,807.2105609084734,260.83194449510995,179.81574578351822,865.3997556198032,607.3344317342297,148.09367030273955,896.2834381378443,302.72547788763137,235.43712153329676,62.13367184766327,76.61191796697697,77.2774759198096,288.04410214669383,414.9818960331182,767.2268834912934,861.6881897682581,707.1874898380205,456.0206215902459,346.92799718963505,173.66633268872656,377.5792605958292,934.0874106778828,558.6694460797517,822.5955429929884,123.3591497166977,374.5920008002531,575.3304759392323,66.03485661626995,340.07837665190874,537.4647803369428,779.524244284002,454.1376718579014,238.11594738498977,197.14028877381884,0
59250,321,6,990.4948587820193,882.2266291068107,649.0029045436046,751.7102444650945,321.0953155823112,51.32306834452549,68.41725001217813,786.669690185323,455.0120076306232,199.30157888825482,692.4192080860423,852.9913856533117,728.5728913588575,346.6659986766788,762.8475737042659,134.02436725074585,904.5777364220651,230.63443215081358,536.656981195935,27.617028183658633,937.5344769751669,356.5591823456623,311.6957292399005,199.0099817905424,104.46956093331872,336.193247977719,233.29769527994637,776.6664886878152,228.18117020343587,71.40730693916197,234.19923848430946,779.8079736551557,401.2351512166057,104.35947822871728,560.6871064767938,225.66651778122392,298.1680360738723,451.59873131790283,632.7325008326552,370.95938247461856,293.15091767164023,124.11897013343776,101.26435812345646,255.73163123670307,536.4912340494325,763.1404305107848,346.4461518781614,633.7477703577067,781.9577977581998,679.9609076372333,86.13939151365146,935.058629136013,256.0285053289375,0
3799,294,6,697.4778273363096,813.1500349648866,652.0082918117943,491.85007319588914,390.0496109287359,535.0471550107575,463.38373877969707,283.3391806470137,501.64464696695364,594.3323313282687,706.0326257863791,652.8582826397052,427.6022722610784,960.8993952930718,610.6603025706786,121.36379135887343,602.5084077160703,766.8994083385197,470.91957288250507,594.2143954519223,438.485566699329,374.21880489602455,408.12310794466475,776.5657383661801,924.3584007464326,308.0770207908521,985.829975481624,116.89898085054784,668.2567601710759,741.2443906311579,280.53506758320555,62.43947873071887,173.54436074037295,613.363249227572,359.0363154547991,115.7074986365989,965.7223260392988,81.6596714064034,222.37673798255776,990.4972846243804,991.9327193598069,533.3304624782565,591.6017851216511,505.57509868909744,26.711122312430334,428.91086332975516,426.7891660948604,878.8205433356807,325.76188630919336,114.19598756094018,659.9354357767252,646.985568114298,968.1794813912437,0
8127,592,6,757.1213231150426,822.0966374045929,291.7384842266445,383.770210976758,657.1496714693885,368.0931893727018,370.45823603470365,330.13357152208056,182.46078554430702,584.5520615318716,297.441250781656,131.31838895191805,494.3440260982159,88.63409988885995,866.8242756987653,63.13530618568508,777.1211707491935,519.9035450722316,199.85825971390082,911.7031570394863,807.5602760892207,285.53198650498643,584.9822044303978,22.706701812122976,711.3313944661445,450.03591960096,964.9437660940249,436.25896176271726,97.31879495037433,577.0991077048495,124.43091760755587,12.777838168233412,691.6378689822211,839.9619894438222,36.264666855254646,458.3170928774472,852.4075283231097,717.2291312281849,137.1293177995565,850.8270170275165,54.60028488036139,224.06769196865062,997.8177387121526,43.04079050684595,532.1085641189811,741.6747506871003,567.2954321519843,807.3064615332908,536.8859712869418,284.4785591351291,715.9082775889507,195.6991498670181,332.9234221270011,0
25416,838,17,185.54589554026168,52.84011606083061,142.6962662452327,725.8733127377609,371.29724954630996,855.2851188143148,271.07147398833587,484.8096630816008,480.3259219881535,71.79270434461438,43.955043103825034,423.2712575642373,648.0080128728065,306.66133112534567,777.0598061911641,21.164566208210722,298.73247565894576,111.55028074052254,980.9182547917691,115.21104901482049,841.5533161005733,326.4313037424934,252.58908170146742,439.3201057398274,390.79145483987156,698.4253643698692,119.50285727370758,393.9151592807224,831.7062586708441,703.7198840179377,403.118446168402,29.28832871503184,425.9223901495177,984.2117430668502,734.6421767484662,436.54278475726727,554.9325593544438,154.83978301189148,225.5641251046603,565.8662474603778,904.8832053108065,785.7907828504101,987.0321705678666,497.4370230535579,705.6712711593424,693.849099916857,55.84935383030765,520.7882474790106,889.2203972092916,731.0675190106208,997.0911438503748,991.9168810750415,53.64469278546113,0
57317,515,17,356.4609618803476,962.279284230669,948.6754269818618,670.7500097668985,959.372624944328,656.1878445897916,682.1350188564056,264.5886517975493,52.95480555126086,763.241086237937,344.30493647727553,425.2369052967242,797.4021946535252,22.961271718824783,815.2965617918863,537.7681256166537,275.55269521078884,899.5731531698626,595.4659913127036,497.6211129478227,778.7021776787166,568.034059645025,756.7229916377578,844.9622105951358,609.9467573415809,194.39658048767305,419.74532470156487,579.0404962076586,372.40777158268145,378.59435385136373,792.8143525581704,780.2056663027249,791.9581351460633,411.707694635393,766.0627460775379,409.4382423932743,567.535221015816,477.7192819892193,779.442680454484,437.3805549685135,92.9720528739576,531.3205307929446,513.682199654187,45.44876171700651,129.39374561260752,820.6767753799109,759.3696358129579,573.8118025876695,899.4497934445886,950.8169043465638,25.40831519012221,113.31289058574367,161.97342936229109,0
45980,190,6,794.1586829197777,896.653646981789,867.0245788817799,443.7744369122625,711.6855544774826,507.16767245554286,22.889558499708418,555.0864637720492,756.4561699521366,706.0697908580702,744.1365675035051,818.487766825208,283.4587710515241,774.6755185582566,128.53838904673498,7.004562686645843,883.8137378716543,897.767612840591,662.034617990393,553.6679452592651,772.2786746085018,602.093963717586,468.51066631115657,755.1576018010753,606.1942525262557,420.87659447659297,168.11817907453596,120.28949647845866,726.3699314647953,776.4809737926163,26.068346829902,930.6768399559452,869.1255754653503,655.7529923611876,330.53494364929793,994.9014635396805,292.84007853409,162.05607773269537,188.7722718990238,444.38403190655896,471.41789474080997,298.4835997626736,381.906766173423,61.34238420239346,493.9091486705759,512.806526890701,451.6607210416564,165.18408306464994,884.7687234216357,124.65104342009636,996.6706935300418,389.01313850248664,423.37999507689307,0
56922,543,17,708.3639361270177,846.1387098875678,916.4392279287842,909.9522477594584,587.9839620816855,525.1530641233927,664.8626227345485,114.43306005056031,584.7784723894582,476.74837507764846,39.509138072065795,649.1172368616733,752.3770700625103,166.55480737708805,575.4681686383694,735.0067885569405,749.5921657299343,867.2980327577228,131.5919235613081,73.08378460121257,186.2636720127484,604.088459695069,690.8498897320036,900.0976180820223,328.51021990608496,929.7367316447069,295.66688531507765,303.79263400621846,103.8427986743491,854.103346245251,518.9446990989593,350.5855040913983,812.8260805568776,777.0842599922304,705.734086314893,620.2745239135637,912.5373173975563,697.0361680183307,326.488569871385,18.29860027899699,26.854258951737876,872.1769575483671,85.96160872018099,173.61736409005758,60.4914389504817,773.4281665546748,529.1023182753208,411.6020632464038,466.9880563544582,613.3320604936524,442.9002086717331,652.2138543409004,185.16737978452136,0
12461,334,17,478.5209112146458,84.3291863612835,21.28618843362007,603.8133222185203,660.2494458436103,220.56860790151057,787.111786884801,630.5288198915702,67.35572327019312,585.3634369032873,723.5675204088315,57.706055174526206,57.5472722427357,625.3016653900672,165.01322618920767,365.68475414627477,918.5707872926265,552.9969189826118,786.3718491072353,603.7841716810701,188.3027210887407,830.2046422467188,842.2226214697711,459.4649942604203,635.8288149892207,499.59095390372886,305.64905270477027,457.48694149367,367.97718814765346,889.317679921783,847.0017303405018,389.5657338287214,851.9255844363997,993.7197627963756,187.47325751162447,709.4357489069278,233.95688230627965,83.72715317165668,215.46142577135728,898.0836094544803,977.4749672698179,116.70630014208515,799.372034886389,797.6341610952057,668.6633579062301,231.76242718679796,438.3725354016732,347.10423638014555,959.2329863495099,80.7342416698289,499.0565713195798,840.2793082824227,790.4174939201961,0
2120,572,6,823.5936807576877,625.513015953521,241.0853926374209,113.28580613929307,930.8436567222659,803.9863370784694,715.0156129124568,961.7492162720397,988.3146158046355,888.6098400891417,471.3767326331939,661.2007482304708,790.7423027504154,192.69295957037536,428.4357577922535,799.5786358810188,229.9584979081053,698.5450990820837,105.52878117696352,288.602842445853,938.6443458700504,354.0962906130598,889.4036087156331,591.1904995369716,195.23965322271175,871.060513694747,147.2459801676469,568.7736711316097,547.3310387379067,830.1769211551393,90.57679784248873,718.514325197897,599.5315192122148,746.5852762925941,0.05892364139004069,817.6517039442863,442.50031450537,878.9228267129621,767.1262787724265,112.3680571467055,490.27031149080346,981.6056373958393,636.6666014877106,380.23598207465193,312.53000767010485,282.9632647423024,15.569094356304824,167.9115856942195,150.9985743262946,710.3978387731096,413.7684960985604,666.902029499631,491.4559488075011,0
10345,607,6,391.158942286807,955.7888761291807,36.14270710724288,257.47809234980656,482.45931164583254,515.1678063917209,792.1354803916018,806.8150214040876,7.584622499845706,427.7301927160587,638.9643200062483,763.8401941835386,339.4480601685225,115.65655750746895,453.58582809067036,737.534715618122,269.57198680596997,312.17270530320894,88.20727780257175,875.6457724747797,340.76920992399084,108.2403065262617,681.5594694933455,531.6664833484167,735.8434855627758,247.58281273268366,737.1630432970969,566.6135053973436,30.00271891974404,73.30491220197477,278.58644551451175,989.1377436835942,900.715185316739,597.8243659954707,890.3705964319036,493.056439278291,729.2195991727829,505.54819178512145,828.1735749396412,595.0824688216458,367.77789249921744,563.6799169540526,139.14544506187343,998.7055446226107,932.0586268121742,934.1751624530335,729.9188161697735,784.8216305793873,626.279195281879,35.31575775592477,131.9474306649958,913.4672942122845,152.37345312219418,0
63345,555,6,396.1930045570066,677.9123609561162,163.9122674101291,97.38243213052999,358.725533669454,442.3901426303799,125.49555678026103,349.9046523231849,843.9539992357076,348.0380983190096,887.9372246223218,19.9240362615013,967.0851743911575,465.09120580253796,783.4981896978563,572.5920790437988,65.77458863378749,100.18499429126825,154.91036185987306,334.21866571338523,660.2645041311266,107.42950674589602,770.112480188226,333.08281169819145,774.3248783701454,861.1841596229953,455.97186472198683,73.18174149762469,473.92095701370386,955.9377928745699,527.8965857897881,789.1699026529774,509.4861325206561,605.2487169490853,194.424216765839,30.311144754896713,133.15504242233632,102.42294897591397,758.887725696998,394.022402279308,894.0340974441166,144.69117597596536,616.5619848133059,193.36691104800875,45.180792659012425,491.4393754432688,948.3023635135712,201.4256879889268,144.99227677680025,444.70920240969724,396.3840181178192,245.61134051863598,98.62018232313885,0
18212,860,6,179.16356585038272,198.94592236661168,375.0611052767466,252.77346778356403,307.6130683772422,443.59071413041204,590.7098895356996,468.28721442643626,301.14646757049155,671.3048856516226,871.607002212423,877.5540766399711,278.4060247274458,131.27762212983873,265.0446612307044,276.0270961948839,806.3156109981518,12.263324505886741,552.823977192513,730.0550045350939,837.1457293948779,776.3356195137515,776.3495940592086,322.314579825545,533.014968913942,285.3416399911499,584.0226670185883,638.722567442259,90.14467084104749,640.674030991114,635.2577963608717,714.3953985555263,617.7546061543641,130.20601930872934,501.8557229757439,971.5526611689307,319.9729809499896,234.67320389704915,61.733083909881195,966.8220298539652,455.9580234949914,960.8782013934953,663.2365369659789,296.99284702744853,954.6021000177732,176.63666992531003,483.2786562656226,129.58296166638928,243.33038315063183,532.5360815913936,204.46972903913363,857.6775388782481,338.2462080434584,0
45349,440,17,448.2109650243874,224.9564077066538,263.7252181110312,741.3143473796584,743.5424760780144,399.26099797360837,545.2045545848604,534.3592910476448,329.30489341719374,696.0643234007983,240.84297351831773,176.00761801650287,416.0837231186704,88.2481699109432,707.101068107409,501.0826185473803,318.7100244294855,630.0227505481307,242.62761060454585,70.13106284289272,61.227339165711655,835.1377704628259,592.420595170405,146.2174503177518,430.48907058334106,86.19447185643658,893.4245747145914,79.58332832967507,864.0890308628778,863.8941650052527,234.46524266141188,365.09888437299173,955.4616782460682,181.79196887048155,821.0167397285949,706.4034374090929,973.7955692194439,350.38423625765137,56.68272815768927,919.4409297222317,937.0091013043304,465.2128663442886,527.8353335102441,736.9479560627411,183.58460334998549,922.8792596361055,651.1133411574189,508.87776831700137,308.7358976529854,886.0068738335941,687.8098208659397,606.0531768172573,87.28894870344128,0
59913,26,6,189.09411024577582,816.0743087258036,465.21413865442116,491.85283133690814,695.75281361027,931.6785935462736,714.7533147172377,801.2943527979907,483.5687318366159,716.8333984074438,227.74445435895208,932.2486115371162,535.9597454482638,932.0760516027866,730.5698021322291,450.903557098529,535.2643976830794,301.22241410288086,932.9273357180957,382.143952379003,396.2770507885019,2.359936291745468,546.8669336355301,801.0981343289262,969.0662548660437,134.9305493131997,494.6494640464757,246.78482138720094,309.58664234146806,202.25991760163853,37.27647976798243,427.4546747153769,628.8302247294221,602.2925932655476,195.85470973045315,22.01675964196481,376.83829316089714,375.08827876498884,753.9626467425253,800.2654096341549,743.1740580518152,825.5104142832681,926.8553001837255,325.00632910666195,812.0389677314703,691.6467977601812,44.1149147178369,909.6700261185479,378.3090862937374,542.8505687530962,275.9042756986414,920.1156235379049,383.8696054703352,0
61457,266,17,589.4908238968651,783.2652576370896,176.39518727679027,283.40019203370525,319.20913736596833,808.0203865423921,368.61630018682547,957.4392557143693,195.6553284738717,792.9597301941802,785.9908682238729,895.1624066496225,877.4273344269164,981.1042938944519,432.62809772233925,393.97055302015474,501.97443900484507,512.0651679491081,474.3406784229095,756.6876903172483,711.510850207657,130.78460515062352,503.3220014146161,731.5854482052083,814.2324681786944,353.5302885335653,456.913027775946,911.1131163545415,967.2439617096159,338.92282543371743,819.551647800636,944.2031010836853,311.54872356320107,993.0698339547683,773.2562984921449,324.104255917091,578.0735961376936,655.8459602122773,80.06454726067702,980.9008232020245,948.8316124339534,361.16105493862113,860.3178085924964,25.119772903333782,523.5041616241164,671.7741300063561,33.91929210297873,418.4857514114765,972.5215187132317,1.0947320250118686,973.1738184445262,155.89089136564016,998.4987429536646,0
11006,922,17,679.3596659743916,380.56820295631064,404.1193571360967,705.8799942005938,282.6244536410423,995.417770450914,416.2838343994858,386.9885777752591,393.8063170938153,757.5964591464999,274.3261448035026,700.2932599648243,4.909198162525996,730.0223084848507,363.77492979584457,296.60906862578275,426.3674680861197,840.2644541407178,809.8344412299532,712.2747288919116,268.5535771866403,542.7189075933264,821.9980706838764,322.3510669113515,13.803817737454317,607.9454638910225,231.27795473355638,514.3185792714893,232.15368931587955,961.2691503983938,250.96372739469274,625.0085795232172,400.09054238601084,390.6841611194225,83.38745882796262,180.44625458024322,634.8342763992832,597.5501663175688,597.6312039622317,917.643128247631,669.821662044032,928.9816049933588,85.8515258134801,172.6927245697386,890.9608435471264,33.26018138628773,518.0130677436306,983.1603599086634,345.18293787778487,345.080944906626,708.4164184907926,127.1905399741089,664.1407182471554,0
57302,797,6,909.9058203009042,78.22703898159644,221.1352480647385,757.6613190050695,364.281397149656,521.5451053357436,543.969506387119,292.12234455227326,508.2041755877266,759.5374211464609,369.2428303006967,142.86825880915364,356.3007946260651,223.1832271505495,444.97908866210645,547.1508675336156,891.497468635699,487.16176297897306,969.9631961643618,174.33818265881064,445.5286946554455,845.1909219523227,414.665539647473,518.0907469703197,664.2271430292401,88.17985053241418,135.70127798715603,87.5905626407566,665.3363488762715,390.63897371196975,342.3649172907186,756.6937166938548,616.3624617027398,104.7544031858757,28.635692105470454,345.9485030914279,11.507361924305904,284.4204733333623,58.82107567362871,61.83084008577489,442.47043694378675,190.93123576795057,944.1152513760826,527.8408261812101,510.7404409241589,344.58283826062996,88.96961480304044,362.899955976241,199.84388130681762,581.9467091194066,525.2954701301676,113.25473574764655,825.4851205239174,0
13162,865,6,245.97260488937067,492.0788665942448,447.09877483363005,221.00360724494007,436.6688415245673,509.7674532653506,703.1842279472312,578.4125755651893,206.4211831138678,878.1936198714494,864.7518316169546,526.9811862478265,825.2096770302385,763.9105156305491,117.12147940156737,228.05502814250232,550.2684236994838,302.4934608155433,951.9667237539448,417.5796115210132,713.1876556692545,10.2663126221334,454.75021554087823,429.69286646661266,115.9710903764265,912.8506390309486,925.1376923061309,963.4611586221134,357.84838899599714,816.9636381735372,392.225886099594,986.1365900113566,521.8828649729164,125.56837330210169,46.2794827224805,938.3256069336168,870.9490917944186,978.248660647509,115.21680567428372,765.54059482857,976.0074013235028,193.74756549412098,283.1679363504661,41.468603209085295,313.18547331766166,603.3698510433302,530.1964294301509,500.67105373458776,74.36559855449865,831.0292708974845,775.9741949062162,854.43229962435,808.2617651715035,0
47975,405,6,813.0175577941659,972.0150760996748,665.035427010636,490.1377459869052,245.47957596220937,572.0323915359307,806.7415856337368,800.3936001218332,444.51502513811937,872.5748733569772,245.61116986873776,295.03546708599725,106.41670172823636,136.4519745177335,601.5125167781889,752.0516174724795,728.6370354487507,541.7288045478625,601.881699520537,603.1176318544422,429.046996117367,136.16202963520817,198.16699611448675,917.19724503539,612.2815066556053,376.0298596992373,888.481945099817,696.5756992367149,235.4456511980455,12.561113491710852,971.4936478317243,50.66294804964622,702.9178413703987,249.01827048169866,215.46166133525546,386.81649602788747,683.230834880862,983.669854380859,634.4285994665944,955.0145649385944,24.315880871074057,747.0865331445165,366.54103217485545,682.899963851851,183.1590404388107,777.6736799597911,457.75830776939864,869.7104992966122,538.9241188436991,989.6655689481511,206.27806759767552,314.39333081200107,128.02438647701774,0
28004,636,17,63.2545337277155,947.1115705467726,683.7041143240007,883.3052201468932,605.5177899942117,207.6482087946281,747.4795098454101,328.2273386013264,133.11529950418566,327.95894824710217,475.8165422179729,397.8316500119038,877.6302176296624,252.13454538929315,740.4696496414141,928.2398571696446,225.73656942082087,492.42628308634096,509.653028507531,386.00366518369987,280.8695763985072,672.0149376790422,566.1193730710768,924.624820173173,195.79382495216169,984.6074227087091,259.4442652112036,849.9211259017707,899.8441437449254,339.44778170487575,188.3975369063927,623.5084069091522,472.7170639683737,787.5105719601389,703.5165729179854,822.5508168844786,967.2942293603348,721.6020284571894,51.11278121112428,44.08362156067458,608.4774900484992,775.9747565349088,346.64967783405507,404.1853438525056,636.9386948485674,737.284967674951,155.39409215260346,789.2548610953904,872.3163221474831,210.60536598007994,297.84490356395423,766.1513573654438,943.2535951328107,0
59711,409,6,163.09520490719055,345.2828976590054,427.42377905094276,466.2750581213603,34.70855817297191,515.09773164021,993.9119054087397,260.31241541248573,791.2335512320412,221.255691184828,101.32124513053343,297.3837718050353,678.9771491249282,790.9333505876531,765.7742227872403,523.6464075933427,515.1741696519374,498.4814964816673,259.4049290501117,904.9430783281155,151.44750287842245,814.7573224112319,618.117124691263,18.526964517653898,873.3416300963721,381.22739562569495,31.574568316182106,30.11121422906349,673.6360581246778,548.2766162983361,321.26480073087805,981.5946846814371,812.7159338473494,225.74882965632113,197.90074109406285,777.3966881775315,530.7845122691153,492.33652950783636,965.173986148377,401.846796689838,553.7739645492115,286.0061202862992,675.0272401455502,970.4281795916457,258.34344738766634,747.5083766756082,242.96186174546807,732.2529473650361,323.35952306412577,253.88877485494655,772.6956223838522,560.1307694700283,853.3897289118585,0
55888,454,17,799.3240628172151,301.32895825025685,236.69531576501146,156.9019689707021,110.85456273143024,368.26228065776513,93.90320973730459,489.48349667508097,209.2005663152583,936.6636230354306,538.8701011744793,730.6678950840503,639.8327005002515,816.3841524447478,200.56958321745543,651.567239980688,886.969509951115,285.31563185800803,840.8715192359135,92.1772949771339,64.30890021126234,176.68194013031214,201.58047289130266,520.640005187195,282.4791875022655,894.1551949357707,200.24475606014568,918.0565477091054,899.3963204503207,345.00882431018897,707.777322097854,117.40896384992283,754.3595386210999,840.6641527751301,762.6828049428582,291.55188328269435,474.6896290586552,266.50662194634924,649.8973206642022,212.9397895665064,176.73404430785965,103.3767807786956,292.19402754196676,101.01452433092784,642.6703372815138,915.4109302381476,809.620490893302,659.8983340935899,758.6729851635158,992.600795204773,952.5246585114713,369.049081733025,33.01320897372395,0
33446,881,6,228.70430668512032,555.0349305301314,340.8146375004154,752.4913294748877,815.7833773453416,689.6262688989464,385.1588269180655,487.9582469213809,222.50999057396237,396.10693779213113,1.9858921932429663,333.7072282836805,191.33204188029384,297.59295415214035,519.4363630357738,134.93895264029442,707.073087733566,163.581989705216,558.0967745269539,67.71225558226679,588.9478383607656,169.44572274411496,321.9081802215943,831.41073197755,960.7219251022478,859.4068229506425,640.9940473637656,52.55155813053425,805.4100947299305,263.5820419582789,445.4033484419281,280.26988469738967,605.4976488811502,484.0025072651224,665.7890720309391,523.4926396805103,737.1271219576312,264.4271145049145,334.23149409652643,706.9702297527291,739.6037314077089,261.4438470695295,136.18279045330695,414.0267356501426,330.8391402417366,251.20681378955135,173.41902491023276,172.91839508934925,679.4907794187627,484.42679744527226,366.0553400996276,695.5805019497822,301.9182667599132,0
50154,270,17,929.4298957014389,54.77359178780272,947.8678143190342,581.0880555229112,640.1306838448936,881.25436122512,869.0676150733647,863.8211574592083,6.479011853572358,889.465603014725,489.4244339189278,997.9093714673588,390.76494136522524,666.5635953069999,230.98775182337383,405.83128530777026,516.0445719377326,717.0556046794496,311.585134089273,510.2380272088715,281.7012833081263,748.4753108775272,852.8828937692371,261.4936565710977,847.3522746371136,802.8983583985174,622.3615773507719,925.8344934175618,787.2430267156693,889.8504763798048,310.2916079605642,21.569698607332377,853.5955522553808,61.66117924018466,604.5691524401658,190.36236356389057,571.4687126583779,762.905053793652,684.2686973168073,275.95355643261996,220.94076589000412,719.8128492638194,593.0873094287983,770.7787749079723,514.2277089531865,255.77348069294646,152.2068358983093,193.62863320368905,609.581116219563,48.12176462110396,873.4440156064065,20.400053104503215,743.7226663724945,0
49339,1017,17,610.4778702288186,162.7573129715294,46.39075084787147,748.71552526474,604.2185046553092,369.6058106144424,415.3694925143332,582.8078355053591,158.50142284363966,682.4342952979084,511.6066340767018,502.36541491477993,118.65551277724495,692.8921359605544,632.2111696595077,635.6949946821251,369.25859731427124,629.4353925097491,112.72466183019458,358.3094239028588,500.4053418993462,136.29790789243657,493.50766678086563,757.1853880741697,774.9455970802271,32.601094714593046,736.307388828328,115.14091159786966,704.4522524432475,114.22843307715591,182.2559532972322,932.7329601114537,632.18958109307,297.39005287540175,116.26517079450693,271.7474086910441,33.49489022573804,229.34995167777782,968.0113436963518,45.20030611368553,337.2280265626458,60.2961249477425,836.1194862362947,965.9451215404948,459.75176700306696,795.1328664498861,85.11969239264228,537.561320159439,577.0177005378093,327.5433029618827,652.1290679824914,250.562853634699,466.1277769070036,0
51330,699,6,780.850964301555,570.7540616509748,45.8016152488564,887.2141507314136,804.477069331592,271.9258002521203,685.3478963170936,203.1047959260749,292.6977243349909,706.7861328099026,877.3352073841735,381.91400291431955,190.36344866490296,101.13298167935369,208.85249406989192,98.56651504909108,417.53339126526714,548.381081301302,545.8700496422754,991.2137779821934,377.485048646528,387.1863573356177,727.278136276135,481.2916989868481,22.323616946648084,229.09746057941095,263.8371183910926,834.1510903318037,22.84938014508353,976.1425457523611,433.37668300959086,215.8890967136796,588.9192192283452,169.96011709212598,722.6944161509236,162.1895159803086,985.3257154804393,567.4488817155254,255.81304769744673,243.84976208691478,158.27753405775914,475.81596161381515,972.7142648735229,557.1015732286593,268.33769275280594,391.5981147921559,506.570055917984,443.2800110869802,294.13962193833555,512.4298925627669,592.5936599057984,122.38026162641769,72.63032218179355,0
38629,288,17,960.6560944545316,983.3034227883237,793.6017951039871,58.14221293052147,60.83100016204679,71.48493731422445,25.631981758019286,318.11792682995775,458.11258131805056,522.4322706700908,421.4197674360296,194.59157003075634,220.09402230987928,567.1347994630665,305.7094683017222,900.0800155705106,224.44907387834834,687.9969170410716,506.4544338227006,964.8925264293414,268.6931407601846,392.6967764522656,853.5480170736375,633.3183426200343,373.7369628870317,705.6654799587354,794.0426179343197,995.7485344235226,482.8285663871235,949.9125137256049,776.6679344806394,417.0829191189884,697.6681986498694,224.1012851830503,171.45874748586277,640.3069242533078,534.0408867301993,46.92428640215107,95.08836634287054,414.03170143591507,515.6272252090378,162.82445015941582,967.145849043497,67.87894719546073,725.1159735933695,303.64474866501024,320.0817725865667,376.988560060164,739.3389038739945,217.32904778527674,536.5530263529492,805.1057706179457,86.85720215314919,0
57762,114,17,412.25369619245544,136.61753203071103,659.51585559987,554.1302016647066,704.9648450093886,159.47934436631672,762.6598064427284,712.0296150396423,272.88350825135456,841.6351463011434,151.1530447383298,69.77643583196758,187.36791829325682,280.3853186612244,714.046268203045,342.0936141490287,775.1230985557203,627.9341652540974,101.17503375895076,114.29111960266991,80.41875396984422,434.86398964541826,372.30249527604764,286.435105903183,697.5060030080666,866.443485340701,895.0151056535461,410.30598817709676,291.9663879315696,908.3683071463671,642.0726775761826,223.53024503560047,219.16248964294738,694.129853509385,878.8145559727856,966.2590786872984,262.6008532827193,299.1623980686198,979.508940060304,779.7817313804893,898.0818836807749,116.77206196379086,697.0972751534963,722.677140416072,197.60599075859818,619.1285450928443,630.2086360333094,108.78294700133983,124.64775718519017,165.01796475755083,311.4755602563321,938.9283484674029,296.74082882239327,0
59841,155,17,708.0308725030344,800.4904390740985,573.1302297487397,463.2471066685324,126.9025055788392,700.57091989986,624.0597398443628,8.613480325644908,62.367038301622934,8.852484542883232,377.68423266804075,55.57238809701948,521.7789443857159,539.6553464215355,698.5505999579907,894.0809293605233,721.8540391266492,424.1530760037968,640.2009226125865,319.60764923642125,787.5555023949228,962.1847144823073,210.61476844537486,976.4862706259493,531.3360150122944,96.0492064373989,230.17401968781715,168.32135467360487,390.1017775948523,181.86574391056354,145.0375388546574,564.8811074089804,598.2735310687378,847.2809615153693,815.6907290243399,711.1229003390433,931.3268022994645,995.5189238154394,111.22087886123788,158.01826837556067,291.37341302123986,967.434089886894,711.0907023837392,631.0450471298484,311.7019714217859,108.18689376075442,876.38029158316,463.24444822442,824.5917002574973,432.9047373053343,798.9759704333596,582.4048811644341,775.3578623714372,0
29500,92,6,783.7393902381916,951.5628774488339,302.81260437210176,865.6697293070778,504.5991218413723,910.6275417972998,764.8817358425789,867.9685308245204,472.35250804025475,882.7538587547991,214.79020082951783,842.1289660000555,536.6689852997702,41.2585836508721,549.8141622720675,959.503576416938,938.1163847252008,853.5982870843034,296.107889013529,786.1087200052609,398.77485383134524,581.7094696539776,546.0116036290048,528.7501663590886,999.2854928946753,288.0109810503103,225.0379453776198,44.81996696611124,143.0352899825905,863.086744261283,474.9469671946517,787.2704892940775,393.00897368220456,489.85193244139083,248.66221211600404,612.2335125215658,292.69394707218834,82.71114619005348,801.6457181633832,987.3600614939207,509.4153871566518,697.2927115370294,43.15934468074356,981.2274869559452,141.39439901078444,225.01876417596333,762.1071056233263,393.32462864962537,287.6920547940379,933.6986460552837,661.0676828360591,739.3236760284776,63.064202888588824,0
22716,979,6,206.14984888470312,808.6085738191853,688.0600024816855,717.9159870643055,976.5163908431366,973.6175715938889,320.38941138918796,704.8066784637728,899.1560816026489,581.2480039157899,29.93604567845054,502.19277887571747,898.81736896479,803.5326265709274,180.37740887588282,751.6283916517701,37.61987905592679,410.5708197677906,481.8438452447985,252.91410113861946,484.06009124011575,788.3559800372378,635.5700169915683,112.86649568888463,158.5118658203275,391.8987475264772,845.0731505118154,405.4192347020885,58.478739365084074,763.2087668728166,871.7583003235836,103.5616666395951,13.781116598252318,621.5950017949501,747.1021717953377,534.8791690409473,649.9991452466772,502.3072069939991,275.8186734551452,665.4910324404502,22.822138823828443,95.51828681950214,262.010546563245,719.8455333329043,193.61307417272755,464.7343439413099,83.58692173551407,64.73006026881467,503.68757899793815,746.7442808159949,181.4967089533751,812.6184787619304,398.05155476026465,0
36856,182,6,289.7218348347402,116.76214915158457,116.24964210776045,838.7506596372349,252.49847699142958,348.796330079444,653.369207900073,629.3822630879396,942.4561638256578,806.1712533258926,212.86469283865884,824.2763752465465,776.9466157188158,27.264297167516883,743.8484297202946,948.9811520689819,830.5989456346961,731.7678016067119,667.4303794413204,549.2244651931851,370.0300591750846,447.4294268258959,847.9956848648453,164.43679480319128,993.1139050559519,777.3055570456141,194.77850753918958,40.12968391412086,944.9633701270117,49.88696974107854,788.5135311391307,382.5076265630092,873.0457655721387,938.8088601741936,376.6851073395492,341.2057925765436,882.7546158197832,673.4423888449326,12.815006740508395,999.1757091083792,346.9191447332716,783.5104093818251,373.5624052684647,44.76517526831769,499.9468500002353,975.4642634602338,126.65994223844446,582.6489308396373,60.440899022580766,677.4375716730041,149.21764877970557,357.23794675363354,692.315429272596,0
34554,529,6,982.5838751971015,181.24755988639808,461.674961578508,748.3752868534307,34.12030615108896,664.3369349667065,296.8203606570058,202.2669029252947,503.6233403305501,945.8622088878772,533.4279143989698,961.7664878467201,479.0474265053571,52.51634857158438,261.397790217658,32.46020580872566,607.755400738312,647.3931360485191,487.7545254675495,571.4268305107685,960.343245928509,777.5089557472236,796.0107596921761,781.0103236920862,190.93449337765367,241.2136479509477,777.3426494377737,544.6699226244561,153.41391460497877,769.3285690130865,560.6974561889518,623.8833162731321,513.1613265144649,647.1551655820907,821.4040170838996,936.0821608689488,500.4391987723226,639.9947764708796,530.4696422996474,44.34290986485357,265.71890268218266,358.37280077745515,552.8196692856936,46.538361203110725,120.22463851618836,267.0761745510094,788.9943421365073,131.51437616700179,47.28160424888772,847.1953348887957,460.74642987250303,777.9514244754633,361.57717926423294,0
56258,321,17,187.5945288606633,546.724108085212,251.07931078898272,562.116271022489,646.2314143458246,878.4158731364065,369.6191656352512,773.6255203528206,15.246095628728806,174.79040714604233,831.5438589429318,851.0320196977189,882.0712805836918,492.70946394005534,110.44292987433391,797.178136093667,410.1357852312461,331.50079197806537,354.3451545406787,709.1638613535525,367.56764248933985,707.4428680174235,337.94126613934094,369.83057986372813,284.93081855281446,585.6204892855066,603.6949385968851,532.8343226811766,917.0689137223646,104.79195278695607,573.8632571612934,992.6177110345005,956.0999224304785,111.02831483393393,514.9489286077932,67.61363894102624,935.8093319843624,554.6573984178342,872.3857484600569,539.7062855798209,797.0481217925039,690.6630179812028,654.2410859071824,301.6359340749827,748.0631197597152,297.96157458685923,825.2643092091583,661.4684427856374,536.8697241649043,263.5104254944549,570.5063451796511,895.7795976218584,583.2246286433701,0
39770,315,17,819.7738657142195,723.2872381315814,173.75554664170366,618.8675008973739,807.7624184013632,755.7871481559856,138.30413282207533,50.913957275165345,116.05190861464409,501.3351213552785,194.3314739312616,650.4793347151192,184.9250887561542,481.1955316957094,741.2784324492573,496.3804123556799,205.5072734396115,315.48851046789304,491.83201202051094,888.6142572514542,383.92472434085613,529.169556770655,46.74583274289679,893.6340963643578,914.3234612835131,94.08396366088401,589.0590303415198,498.95871109035505,912.2725019201421,119.46969572308997,405.7535345332346,206.0605610772419,346.2659486326084,457.83913915483265,381.0289953861836,170.98718553963278,74.79612028110994,643.3694366813457,868.1459561293293,72.34814508749477,867.8656301713734,800.1716375241923,563.9579244314169,232.07979265319022,861.4006608947116,823.1473140777946,519.1356141194464,173.3111367166995,78.1097386867794,602.5272584243226,759.664804046735,156.4498192798348,22.50039158973671,0
54538,170,6,707.5554758800602,668.5632516700078,252.32863338252642,690.5522756869744,201.9248065389927,956.8129368446255,361.4407616754882,732.5766473420076,394.21719677722166,338.0988425284622,287.8636181697868,734.9744023118925,57.76089858652467,987.3216480291611,636.0774816608453,927.1427225415348,184.90226584009773,665.2526432819112,771.6489470724088,180.12790356400876,69.21618563107724,330.0326397139489,552.3911235826284,374.9476315592355,889.3195088476978,335.93326605547634,464.9692474584669,964.9602985773505,700.9537593637182,45.5030425110563,546.6236618265132,843.0381480375227,693.0044522182707,973.197247131085,947.9386923457746,28.896218677057718,874.6207282202762,146.05172909316133,92.40250727949528,320.6703451444222,164.4483245538175,422.8131608100253,644.5659990919959,907.6269132565558,599.3720220717496,496.53567568149583,639.7349444943629,211.32757505379496,618.3381870283457,751.2630823879095,120.40554859271613,568.1699827169573,587.2360675006505,0
35973,743,17,874.9849845999282,545.4466720531706,830.0675765097471,128.43746272921342,804.8380974722693,899.1272066441039,337.7156262556017,516.173611875241,29.880152086277146,994.5486817050074,618.8886474877679,604.6291737397712,82.80049923348432,22.64901632144145,750.9001857929912,854.1515351907522,759.9461844736803,641.4939110339706,834.7704243400874,615.5599338579513,530.4344462505569,479.0832291997409,719.7290890824514,234.14179482987942,113.81414115021238,297.0490881000492,796.1138949453782,495.3491151828536,707.6598109109905,921.3127822910212,172.61945251298337,622.1645514787874,912.6715619303851,316.2935526661982,841.6697303632789,688.3127110324463,847.7730903550292,227.56659419262593,192.38810055347443,84.55426030182434,401.3780523702831,80.09092631981163,617.1859664672445,169.88320120224788,255.8991105312546,802.8626889228289,364.26077312265903,831.6127125458853,127.79752262922817,569.6033906915595,640.2572194043437,699.3458966968302,652.2048854825524,0
10314,848,17,430.03260731655223,17.364344103071527,178.23275539825144,11.658370498555115,395.4173337696907,466.97566768429533,381.34219055375064,357.4347704464438,588.7079415102841,894.6444177030078,258.9079708386893,362.00023483895615,902.3055201353784,190.94207396201836,444.2438390813563,658.665374967672,112.48392529009254,32.19693724881878,978.9400016535569,399.0540537314197,169.45252127051836,811.9119499306013,610.5971192175828,827.623307028768,587.1006577050608,762.4064733919477,520.4167178950848,976.1757794112348,30.924645854623844,95.06552944967672,30.85600421232415,226.23351522151646,153.676052025727,600.4066083712198,891.6768035153898,74.47546036254226,125.74702493831292,221.89890152620407,863.4381056254998,159.9269593529279,173.96992289567393,80.47765498675862,582.7485185134872,123.81363452875604,910.5637716168168,868.8332592489159,488.6887223120566,477.47179874048453,241.03036132796342,142.8323835420392,136.36270179930355,12.228957691990061,326.60888630368936,1
10718,269,6,337.07612969000667,871.2164564629322,275.4099553738132,990.4657211217526,262.43402920589466,97.24823924284165,247.24578409778496,500.20832385050585,817.3352995677926,73.08229589783454,605.4073295525884,207.9327757296068,667.0584187207955,378.3530279289161,904.073659150559,92.48840643030253,738.1067112736358,323.4193924878103,231.42517518171846,724.4898381915852,336.80548560563295,34.02100309787892,473.94089175257346,387.0746387308247,888.4712278654505,645.2163060875239,966.1299968803173,839.1222504196049,841.1101233216546,738.3772864777536,884.0893291238204,61.43993226154176,326.6376980825638,122.44391884536942,815.5860139025647,797.0997032738529,807.0458381168695,206.2233002315894,395.7028585599265,56.51135796370499,294.3749294908464,70.67263761625553,509.0877013030469,886.8295757256247,47.16532539228857,518.220207268446,606.9095826228597,497.3449207695397,182.52240969024703,251.6973689736065,906.5100448481568,817.639786481799,636.9641101519359,1
25090,750,17,754.5068130784999,8.802298325702562,275.30576635999347,375.34988543229395,850.7797434607558,65.44530680027083,699.6342698913784,850.8875924691044,199.0240229475171,894.1986760982564,404.14409919180315,319.6330972888871,189.32307165267693,523.9395398779352,61.01728496684022,895.2123782525865,551.1720321479725,892.2283251402823,234.70905569221745,768.0316842543983,314.1236942441835,456.0424248609798,431.8436728907542,900.9722992254053,668.2039454690566,665.526708350851,685.5042217990743,198.27701490674053,12.17303670950387,641.2517105070689,870.5433257811777,20.380422441303338,257.44912473530434,325.1350025157034,303.0285403891078,895.3870760069879,497.5953660447026,449.7680262753827,543.9181226978003,165.97305710482635,308.21518305815397,275.0289123397878,802.4326745786474,564.3317559880455,48.52572067532846,547.5858592523444,415.5607236157126,533.6468684223107,281.870164976897,435.8727921623657,196.14903835455166,730.6269129546397,986.5284362033013,1
64159,517,17,621.4304356335076,959.1639094031257,186.56267817687032,143.57470089482672,114.20692579691149,638.3081825146762,89.36479008228038,335.81471995806965,631.3710914879564,796.4351000958917,485.04049608243804,907.1476743110366,252.95649235300687,992.965440221169,802.1150755978415,392.5274342684665,412.764181979516,971.5841245779435,294.3347317472349,754.9016103631396,650.7972030952286,797.4585986347157,61.98110742108531,669.7786049761896,91.16014364255953,618.540869082263,361.428224346537,732.7966785210999,292.44899335041316,25.150529301246504,779.9865228856753,476.95399932892815,223.9391511030473,389.5559058552899,3.5930833572088705,152.2938778004126,21.21808026932348,809.1490718323448,900.8320105387107,831.7178620274797,254.02610548636784,378.7206026175315,808.5412976781504,65.4908547343429,59.34191991549442,32.24888369522716,458.4178782894089,69.03728441207558,308.810959346827,401.173465948549,265.6957933408933,22.81865262164995,737.6794735569854,1
19102,273,6,619.0261131688493,363.7089966303647,459.15851643672545,263.29909603871783,121.10902282185509,637.2249768007156,960.159243639699,239.34719074525034,172.16968492993533,182.69203581988825,77.16554315442959,404.9838212789587,63.50578298079035,723.4541304413813,296.2665951635447,178.85113337928126,563.083851747444,997.6068108675634,875.3206061813028,569.0142657070136,86.74178524721643,3.987157938884711,748.6620398256265,150.66827700359931,125.15639366324737,241.6756611827733,912.2086456529445,772.7011110358791,73.43976311718158,700.7089207314253,880.4045678809141,131.00883898799808,850.6099072873615,251.32776554104464,881.3078981517342,348.9370196042179,790.0658243143863,31.98653400274576,644.4822569471984,532.2093143954,388.0707433003231,901.6727265460719,267.64915132295465,419.3667800449642,361.5597971901358,307.9467470295983,96.46319980700291,818.4443302493785,961.0068080869643,579.3643166529304,859.8196584983549,613.0840596025596,249.07348069461278,1
62136,869,6,818.1941743595916,429.12764987090566,217.7650789614509,108.90417956672272,563.8101356042606,180.20233885686886,5.059656303286308,231.72727774072965,76.11903113804819,630.284449023487,738.6799097136515,682.1450344228556,707.8747560796759,909.3533381607652,207.24433664429753,425.22167190085156,66.27966061967416,707.7781018057198,644.3467605537683,522.3886306020063,452.95268928540236,897.702469814677,665.5704711476038,348.25513697118083,279.46110311928965,963.905870348553,247.00157902244112,73.22164169326028,959.6168403382188,97.15534856732877,412.6250197279615,631.0201542711721,237.7686721322836,864.5815076134511,985.8588100341531,229.67120413675056,591.7747950480591,605.669604848981,830.7476801099375,883.5577047171852,758.3270832777969,117.8512642054651,549.796632095484,645.214091490653,956.8607761719883,683.5080215530928,807.783048251915,638.0863424262394,175.57205532990605,853.479560582154,638.0180123996482,814.5693912407368,505.9344481275624,1
9708,111,17,30.544658097173773,952.8339915725833,681.6224177971853,959.7449491520504,143.87930418499607,914.1021785715443,178.412157194606,91.27474988913275,498.34308599402476,690.6396915339689,408.6972720696583,618.3532965687481,429.53286492939145,837.4176857329577,797.2417525082632,524.7824907474993,215.29877304698198,697.7027449476858,642.0042866442889,543.1578229984947,897.5334203069061,258.37414267540015,397.17211982857714,496.2694161154966,275.1925924337667,783.8226252735885,559.6416472832291,286.59421213999093,618.1813084729283,983.5062965439737,753.1799244601042,640.2186310582507,522.810580313786,317.99783484942765,358.31976331801695,414.37886736609477,319.786519762153,989.2655799129714,44.22010532174414,307.9549197011202,460.66502148867914,596.0098242146701,721.5719145803283,870.0760197028176,128.07931153398832,880.1188558519482,18.225403939686192,83.04787200244901,506.8794823761598,699.5396785749975,152.4952728177813,168.92597943399224,950.3283187343131,1
20291,695,6,558.4386625017312,703.609917648456,665.8996739901372,594.1828790229449,240.824367872978,611.1853455691901,589.5367777934903,991.4152240772517,67.69630485976586,408.32325513920387,590.3590864293295,509.973153442422,792.9515670216539,161.02275786738153,715.0487059341871,117.19071395883174,60.8727852010551,746.4500237799567,145.79649875254154,616.9947125448879,149.98670468147236,539.5287474336908,876.7460723003552,747.40976282938,16.628124299932768,463.65564614687315,446.16936295050505,31.22456272105567,803.9243597593575,802.9379590290164,102.47928944755569,454.1810419357771,173.04327014034692,978.9291701946173,610.7370832073433,642.3148654748378,872.0142438177156,606.9519245434059,8.636797622113889,359.39448649430483,594.4013028799408,440.44660770293154,869.7360276061089,375.8285066757133,828.2573444360637,90.93485528436429,670.3218457961636,711.5756923531835,646.1662021037913,552.7908869986954,503.2359697771204,976.7342218373306,504.65992191761086,1
9356,81,17,611.6248845770043,992.571689251069,608.0216679896145,998.3202618283412,467.36916910949867,602.8117454110727,798.5398213407072,192.4181003352039,115.1145973234009,178.7615764771263,165.86414595532617,127.31143745713702,471.5107500654068,166.21439640095647,703.903591762239,675.9247541689443,446.37050047842587,966.8211842979828,826.2822004746982,549.0389012442067,609.6487796520402,381.38428127673353,581.9284355277744,745.1703858968036,424.7527279909619,872.958213832901,273.00227101588035,524.8122396109577,73.23110776972241,765.6851780977374,317.0251077338141,174.57778196110252,545.1736792850719,182.12167874994867,542.595442616471,844.5708474758387,207.7686761001004,480.7134963029779,258.8719657972387,735.807371786343,241.2529743923184,965.13404470299,402.6800695403404,123.42511262254008,271.8393915320045,477.19093574600146,463.656805186054,755.7267874815174,739.4263304446226,890.8340772732059,724.6828377266145,346.2689905812628,505.30396039768686,1
5102,758,17,16.2102179627841,750.0672887960221,877.4075666668592,491.2508907759295,305.909809168177,267.1654305903629,261.8929269205826,839.5605109659845,446.85064471333214,430.8688314851598,69.29035763249858,685.6834734614166,272.20710248989286,52.63619648697171,234.23162827354804,103.34906667352872,502.1288235687744,906.9204409268046,742.3400996976522,519.9777983325644,243.5153887615118,102.31239183577823,610.1279551569778,608.874449219936,166.96966640946488,614.9881959473522,458.1295974954148,447.7309096805856,984.9337325301359,340.5108795507928,384.58235492869994,570.3313381762616,377.91284814248104,877.512094435827,777.888290990828,38.714692473140744,435.8806437420462,151.59467364851741,342.20616993551045,220.76326436188077,757.3063833761229,774.3042249752458,314.63979892969076,48.078394528059064,92.0982208343707,2.6952920827404414,534.7519009790207,50.656747160113255,922.4882580801986,994.6312843479592,266.52344989848467,973.191571928392,424.9366265764982,1
42973,904,17,885.0974384749276,939.0413405580437,495.64558986822516,423.2506401980367,817.0569576658318,489.90881876425516,815.0482380601026,191.77409940609448,343.5171545689607,703.1113775091352,337.98712805769014,346.7321766646934,412.9365388525459,663.1473384881897,702.6617874510705,200.53312713958493,151.22564730733112,270.93705042469696,69.48344197048972,657.2537497386631,211.5048102248528,408.81440413559835,946.6778659546832,554.6062726465966,390.27471667000566,818.4140031292761,117.84061099766807,1.3182714439640142,716.8311443467051,967.8338067910265,815.5883933464222,573.715365694337,276.5213010057925,732.753526375159,841.8518082129552,322.3204340541814,96.43420327184371,436.4733780674721,147.34220288748588,245.77458714944822,37.253287889740804,476.99685688944527,865.2664699861056,815.9558642452804,195.81113289000328,134.84416604365802,612.589134855964,614.6128076395859,991.245375936593,696.1337231475181,898.9737848951509,717.6212274853699,904.5741030371125,1
3234,315,17,675.8022458968167,344.78490587015574,460.09174227241743,429.07966102437877,861.277611059508,508.9564077896591,150.57360572538326,643.0422832404918,725.8466363616132,421.68297314935677,963.3867120321377,669.7823639719755,286.71997460505247,539.838402987512,794.8514264965789,457.51217928626676,417.3635376904319,779.5911371782456,403.17524633704426,902.6825145012573,538.8376878959748,524.3249215557104,431.8843278560821,934.7213461833071,787.5000325794136,405.44515470969714,339.10254183697907,739.5508739952919,112.43732324058165,717.9233706873516,559.0558612017732,146.4808486168496,128.34810536150064,250.56606881182796,345.06120299816655,404.24790160044313,772.243429779271,61.87258939255847,986.4308508344234,672.0446855395941,25.329572754443586,173.56871669120866,773.4588111144536,254.8057385184037,619.0613932063828,223.34658876785164,473.53911807527237,667.3122488941052,993.708414406911,966.4780840398538,796.6017267383875,41.83238525476129,698.953489086132,1
26413,177,6,930.1228316027359,142.52168283032697,448.8053013089719,805.3857639874302,101.90345754248453,603.3593076315672,897.0235001396139,636.5175797143759,993.045607488542,647.6931746548609,805.1844387582516,804.3265307032995,842.1497176851257,219.60001664833595,377.9450268646558,554.1078458500931,502.1205927688455,825.367862377044,662.977097541919,34.15321379737746,66.45607678596666,472.5349208106997,145.84694084725047,284.3023148379079,29.151873494695167,921.2740946729648,998.5997690479794,613.0896664300802,560.8760405344656,426.19362808718944,362.97676522832944,251.16696032523532,585.4105954103767,975.2300926903132,224.94117726092531,473.7422339431957,401.9513793613361,825.1385917219679,505.40276419049513,980.9178973920084,240.65767535107906,619.2570641393626,724.3476895144521,944.8187235616056,730.9516868824069,655.1787338526541,748.1096291494796,424.23089461032515,688.266031310332,259.9349692867977,627.910542057222,56.309341863875375,853.9218940422305,1
8195,372,6,110.36957575195882,250.90350198138688,55.20379564843891,963.0054056442939,536.6592665470647,32.10974667984212,806.0343679221335,276.12179053918027,310.00236893764765,394.2840122351624,147.08174268790907,95.48999579283557,400.5491980784346,936.5146259493762,933.0891931843722,43.986574763774215,273.97899689682527,833.5109121325216,979.4464089445659,415.26280736969323,545.7771320641361,666.102108281884,344.519324724656,561.3023152592688,339.2038970711428,130.36474804250986,523.1016171617696,120.75581403048241,443.6115460244344,692.6536801248448,148.0402161810108,38.36104787658379,923.4368111730387,460.47051267734753,827.6364431925555,85.00947753594423,810.1040216539511,174.10944880857704,345.84774566367906,393.71672379176783,992.7183978312531,202.2743153070905,671.4492424861545,9.832786162001339,882.4085222715524,594.1012156881937,568.1886768125252,891.8995299833252,642.8464469565063,895.3126547239099,21.174602163184897,582.5251965006129,840.5766711834448,1
25779,310,6,746.542968547296,218.4712268296103,665.7375454549608,792.516802195802,744.9470422931753,473.4509772016563,622.4424320346922,138.0990818325515,61.817667524732386,820.8306651349477,252.60794866656843,667.7382788621529,210.03557534040428,26.98595265731074,726.893409045353,668.5173172796449,753.6354500666505,936.831653569954,418.825351543444,661.1932153123496,220.8593851027888,472.3240392380538,183.0460640425976,488.67914264136647,352.6568231706453,784.410133261576,407.1671856616319,170.01881614545078,356.22482218844254,90.51265464776081,204.59465593488224,472.27900107532037,284.37074878326274,753.7022324262884,4.618663830970093,676.2932834015161,500.5382005902248,966.3125600502399,296.4274976540838,668.6544074683698,617.6129772946257,740.2593903481023,727.9457891873024,431.2093135365037,30.17015601228834,843.3620302978958,92.84452745586248,507.4983544144257,359.03320940075247,259.01163900572055,441.8169628112687,904.2272144109243,838.7706640652408,1
56397,387,6,217.32736421602584,313.2395219220847,827.6572929264742,811.7794116068366,141.65004821243542,879.3540258706333,653.0599708415073,179.14126340597824,752.4127570383566,28.274224439460816,861.6708035443087,867.6131781193242,853.9713951123773,521.1336578917112,135.4902400803193,334.053020751099,456.6316191320504,820.0259127285487,279.9791249781236,217.1413107974387,355.15135705378765,760.4200315492856,134.78575405141237,897.2909426893943,482.6882916666264,782.9896338592308,402.7511327862938,869.8990028049446,55.654585803569304,902.2012224454612,361.50582444506205,8.018428177403948,715.573473062624,488.1516365713425,303.1255768581964,118.01748492407094,451.5168736031622,619.0616536958626,449.9989790708493,37.68517382589764,306.24214868056555,567.8003053922139,290.29098006826194,72.75604644239431,915.8960887418554,962.9657307026284,350.466473694507,751.6087364814814,390.98823435972605,715.5926954391238,753.7138238143034,350.7991190301475,415.9464321041738,1
8326,489,17,464.70607699776,73.12915564960099,436.0833707827374,965.7384074321508,543.2207704094584,91.15535117073436,122.97647269563039,974.2111892531988,286.85711033184157,877.1290137078311,972.6672216035199,83.9692520683698,584.9169708325469,192.79544592334085,592.3133912854457,793.7715722026842,651.5745581989622,454.7576415698857,419.53772069927163,247.16210439837528,707.1585064446172,212.88341955039368,104.13583678023875,168.33426320722322,959.197200797994,421.39531043605507,668.7530445340622,517.2772515124256,144.3193413747349,788.7095502913401,270.0414924941513,538.1234032795116,902.6434451145029,320.14374092952625,554.67472753501,970.0288254025387,365.9818880646798,393.2632530668352,781.3628129956227,664.2750475097127,897.6885919647241,837.2419504248686,977.5202190903047,727.576869419669,982.7806853024582,931.9266380902546,778.3813753521696,457.398690396732,555.2081833167972,561.235920459925,722.6061596013659,438.03767753977974,764.7423397225358,1
47188,804,6,256.71804927562937,985.0027732810227,563.8620081738694,392.95266489989143,899.4654637706384,663.3680802202366,610.1084665245271,236.0473313925957,21.313891950942576,432.9222617728055,458.60929357729475,457.1112715298081,423.0483864751744,471.1779611783682,287.74786183696233,537.3287093902907,236.0216262767757,68.11098205522225,410.78892772604723,251.3819485821881,976.3121221595874,723.3089364513587,605.6071019394657,165.0320179121515,542.3283191708392,53.21500105221555,607.5473389217492,748.4907156133801,72.41930840182343,407.1605772794384,608.4650108653441,309.7848592761516,904.8199891695991,649.4289071520287,423.6754768995124,489.59262230186084,108.66651934300087,820.8042080275321,193.0201266166155,193.7505070081046,488.31589446676617,762.7839637783526,910.7383524408534,54.41446652268878,355.68406665701923,747.3566105097129,192.6073982804445,754.8863789392068,547.2619247617979,673.6933403748143,921.6423303644086,490.26550337705066,317.9839228719472,1
29862,990,17,947.6459549504843,308.9591278607897,65.15898165787814,167.29515375006588,677.1002879577666,928.1629213351351,62.727123416810635,563.7289346935952,840.8760839945685,390.56873137592396,803.4820363607981,831.9898409816844,505.3439614848273,242.7372331970883,318.991089620476,549.3701769550499,973.6434876467865,700.794262091472,72.00091001720776,970.1456246247701,106.23500905332594,498.63198534255105,514.4195376311892,177.7952577131452,145.77031543134888,727.1602185695773,645.5155104198477,560.3841567924491,636.8702725206803,743.6270724948869,136.84977811863297,289.1735640795056,647.8204511005422,159.42760670706434,810.5832702340404,332.2980909701111,627.1331351381243,22.54633745962542,517.6548629304586,106.19519944859901,125.2841435275024,255.62388145241098,430.97727440096736,951.3351457181973,644.8495555607341,198.80425050271066,537.9534760410363,259.6687998042483,508.0926694984389,414.78631072921,198.45831781533752,913.5329155679478,553.1051743907426,1
49108,981,6,550.3298410313914,848.6458311667709,29.976652478671983,89.24967122812755,153.77924441553859,957.3995214762853,232.63193480917545,371.07463825411133,774.6036010112527,864.6922126132157,332.34847124661303,19.32073211480134,682.3415949646643,574.4397230734628,950.1109642967689,250.21350824848489,184.1662227485995,160.24455931397185,44.31683522081031,170.9852013832005,196.0755205294593,186.84898908488145,675.934580523306,145.45455403097307,191.43250321576033,812.512592650928,793.1381168842663,819.856333298104,89.61321073767637,807.6988870979478,294.19920172728143,381.4935759686984,638.3612607876137,544.0693025312918,791.9637835521615,247.63377812886966,667.811372459301,288.56202327946687,488.0559583636521,336.8286733900291,392.95177490011565,501.63620893515605,840.4012630099207,304.7701864007476,782.5177649495208,77.17628915852737,356.3113880007168,976.598212139958,872.5023927185913,90.79889754037862,655.8119819936225,497.3124551853432,257.28673353475693,1
42714,977,6,194.98283651650573,847.3890754952022,733.3707628820094,484.51561020136313,873.9805245023224,678.4233006055705,505.78764986393367,417.9091299526744,379.7200324677019,107.53825294339359,832.5280809130389,228.60476382989626,819.6767433889794,69.85940090059583,738.9956640213245,29.222610020749773,794.1496992208232,715.7242582704324,758.5917915820659,985.4018879840756,139.8477951442486,538.6078950861013,946.3840258113232,666.0705801525904,817.3163489470999,868.485878844132,109.92601621593646,508.4187506829536,628.6798693397523,632.8525703725664,401.46056321061565,229.67338536592152,990.0770234104731,942.1045622905275,487.7869961206751,827.8533351951794,176.99466414872512,461.06826072762976,654.3064643135586,331.6773249898893,235.42153512336583,217.57284129708742,84.67924141331584,849.0850987004844,801.001228594042,168.7579006699984,56.848627307150124,313.9306932725714,907.291448070447,420.12541866269225,246.29268857981157,60.34123716219653,67.77841673911644,1
33052,504,17,431.0317816843923,70.457313151856,584.444228521921,326.8326021581338,776.3062038384478,845.6102444242376,241.70650145300377,74.74238148626145,857.3410515036186,552.6146007248442,720.2487511624296,135.63341950336581,433.0801994686391,519.1994617497573,48.47622960682196,423.2145183045597,238.72717746289985,739.863136947367,240.53041573064914,53.058466793955205,449.38087986367293,899.0240824859007,132.05654224656783,650.8065766556354,747.0698653700528,666.4525114720653,604.2331351395313,262.08469179301073,446.4253146203825,554.6198306652998,854.7576443193859,372.016349706198,541.3754622997342,993.6601190656385,122.46836240377223,603.3032274118261,267.89558477157703,988.3639611794742,541.6498733009361,884.8962171327813,503.8717331798164,59.120470388613235,893.3806225666328,89.33725288867068,914.04732539569,836.3164527843036,758.5637900589275,5.140216464641689,94.91119525976333,131.64162012528058,42.6294402796632,373.1213795262337,700.574942031964,1
35745,144,6,809.2733329267727,284.3894131728897,127.48347765803348,1.2921400350481838,13.333509160374124,72.4247429975048,362.6268683296522,925.9619920905039,312.4564241713148,994.8443694243873,766.2969812272768,396.7996360397734,258.31707100062863,284.24585401463287,587.3949437899654,78.6236067421967,107.274749795364,797.6222967816346,89.7110469293927,249.34509435913986,682.2601111574305,516.2399131138449,100.18613026018951,562.3311445713164,605.1703406965045,660.7755202066895,363.0133536798568,414.4307081213287,436.20203630072507,901.2964628507102,453.105950568692,125.19174145612133,184.47897114486523,804.1534584912894,729.9951192519281,208.6423442956763,999.7516265460507,236.68220868274338,505.0139287100177,943.5387352710912,725.3549724678315,923.1770843735318,403.00259804737107,191.43766231186643,863.3616033318252,163.91574502932005,498.57383074339776,366.97458150397364,252.0067648128329,190.2432790715307,374.6184929432571,498.4150690444672,797.8103569225692,1
25131,577,6,190.11899162765312,456.94351846013745,68.58101281485918,295.7290471440437,324.6380704456224,895.4651983465448,920.9915945828282,705.0054200660827,949.1163891463783,686.1495800340113,873.8389508551764,171.67770070364475,255.00003683992733,521.7522076548016,515.4347310711789,807.2095139528425,175.27648731359534,157.1871942536557,191.96351388821319,411.0155299880186,953.9760489564273,425.0214027628896,729.8062819238016,546.9752314635122,665.8717186727578,363.9183912165064,730.1947072371561,875.2265799083888,43.72943358892045,459.8831272604126,404.3761005568297,99.32232891879144,101.23352732120539,400.7210555980216,390.17721120036566,35.94095043098877,615.3885533213493,795.5497335680404,98.4306359253636,424.77064626014425,383.16060389059214,978.9978270114461,343.7951264213529,759.2234721549765,50.884862805899544,527.2587073367852,945.5837936668077,830.3517375178279,428.6568108876413,215.11842814600467,407.61388110677024,279.66786786645395,69.02839912449932,1
23896,251,17,285.17897502037346,4.848031329378388,660.8157454175836,44.61436158502108,738.1876280933907,522.6403994899617,748.9725459482873,348.8754287179294,961.3524214206105,342.0383300731221,686.9517634748684,866.3065092414997,971.8938186554954,708.2801686870251,507.6365212220628,545.024898554467,748.2997414658839,615.8245095915935,293.05784533382774,921.4430561784613,576.012629083352,935.4363210468771,862.243854111684,289.2827130080724,179.93416159356568,645.2850221344453,471.0530938729377,790.389628252492,713.3162010276543,732.0183653105116,435.29888721029783,152.18657683565417,821.1677455127825,784.7533792709598,748.6305242518962,406.99893019596624,567.2965267033165,388.17680406464683,548.3384674687813,564.3225882001846,194.27147943884015,786.7027856768113,896.2648124732308,674.6215595431851,666.2065277906325,521.3885148567723,569.2640827987772,697.5479375390611,889.7089338795222,798.8225956289976,71.8074978130443,99.28700875952768,376.60274499399185,1
18543,664,17,404.5613772504114,445.19973367757893,437.56930295223617,335.5611573306231,606.8611285874721,375.2102425729464,276.27966021725416,404.0109026548233,540.2321176473041,630.2124756334421,330.8069411073744,859.1243285723947,733.2275312641178,849.2778742936143,383.72178964836365,471.35836629309426,802.6625140602091,107.42588745004377,895.5302035988988,491.5703397326089,273.25003598559374,792.7804296069444,433.6667049621904,118.2077159830931,265.27321517013524,443.89988676922377,235.79558946210543,998.550275908902,883.069847297254,830.4623040472705,693.0846649373738,82.05861189760921,433.19696911271,346.106687294084,809.269662412212,550.2014399066059,591.9828956259774,570.237241939643,932.0506417703937,378.2947466064309,491.94611158622246,63.484642192387255,841.3347131214563,357.6470487675022,428.1461977457801,668.6027086236197,989.4338392688239,241.0850472760875,516.9618429092128,357.94447631456774,422.1795966253037,316.020378013518,586.6964015777294,1
44622,929,17,264.72858550972967,464.67402980327546,512.8144270730867,26.527630656190016,552.4985343152579,705.9091197913133,452.10893427029987,454.2773166808255,220.70069669115443,806.1547888741751,70.4213893294553,668.856035166235,157.28547197139898,300.4663822704412,169.2378424926687,719.719526502188,112.98490238864312,158.06353526354067,843.0029173919186,864.057693967994,779.0623857384646,24.879634839714114,841.3881658403341,577.2145231087675,382.68797590041305,8.64841588135501,286.01477430783297,436.3744036660857,446.5064979912956,309.78003359669384,433.57633933941696,14.720369876180861,17.741287830124296,780.4736362402094,946.8098965319126,560.452937908075,825.8404115755936,203.1770672485469,9.129555706936522,291.3613070844462,157.13920814420268,9.344517671209251,367.90612641207366,21.264079212358624,340.91794143139776,267.538710503169,569.8824793287309,572.1791346528822,649.6266133874851,51.105076127889504,157.950076958139,835.2787631437877,371.6454414002673,1
52814,264,6,85.36014922593904,895.8913587351113,9.100385118976373,885.5454601989424,881.3196465350438,17.689511385598045,128.16783152305712,94.8931953211306,16.54215453173158,662.916458415517,142.72298811275064,111.77540830961252,890.9206879519743,931.2157319560441,9.308027041707634,708.8293776780405,278.70030835150493,600.4600410194357,761.2469850432442,872.9643863537436,492.214190727724,211.69514881856756,393.8607776358726,512.5700281596925,797.1158703341325,545.9209534678357,287.7709609030397,289.05794517086514,675.6602937421607,320.3476410453,546.0703991812205,770.4701197971577,706.2550735132612,307.51760929715465,199.87937921969012,901.1974058294034,1.9140497492026176,441.3007553893704,51.33557095223029,119.05330234855049,721.8487206386159,945.8006680818776,882.7169582632079,123.60088399452084,158.76884294523197,24.96030512951719,654.050625053703,447.45565906911213,682.9690750899575,394.5940376975492,864.9528532001887,865.2972415888385,771.3532219398469,1
52587,621,6,380.011750264097,25.90126860373909,949.32008764368,382.6031767093967,351.75600969040875,976.2104314655847,378.1275576450902,30.87685181704858,566.2847442448377,175.1609095269815,932.4843887090921,311.300364859436,520.3014468122908,747.5762934875446,634.522277247764,91.27542569966829,658.2604491221551,322.4053766469931,494.98768791885385,700.3915429157713,509.14783728352774,924.7190811865198,210.76731731222065,278.4151579589149,657.6492921698609,277.67053682358824,819.9440290824945,70.75093459399973,13.163433491441445,394.06645471182924,131.2458227008133,564.6443611902776,188.26874708818886,944.5870187627081,247.1102706341117,542.1093760639101,192.12284903398847,471.6262389494195,120.13260852892404,19.897931358696997,220.56160383773138,915.9786479842205,413.4989847480618,732.0615046205769,772.8006121706204,995.1505511266301,248.16458275536502,404.530706639903,366.22121778406915,117.74393328476407,899.866907305369,633.6532661357555,188.79671938148257,1
14107,26,17,237.30524178232326,748.1036609396301,923.3840250031681,238.4356831381823,348.7741799229487,280.82947306327344,566.5613457520082,124.49514092992764,869.1084571212785,363.0550989460145,98.14967819685705,414.74015028391665,413.1115792077561,818.3215332746307,172.0884078153454,57.449709952828165,528.1566785920088,234.4275150219457,841.0345549331308,826.6337139238449,63.54277263883545,227.51241692970126,362.60964052252154,994.5987899563303,671.9724289333002,716.9548628100464,805.5427671771992,563.8045631318727,677.5476822464217,570.8931831283878,922.2547145092959,50.76120747066237,321.5888874839544,241.9409274468577,130.04387596579537,131.90619131729508,130.53279383174788,208.8402761469077,40.05951554677656,615.2967413317921,390.0400349776946,56.828514244517294,171.60904327137462,768.5476989409507,422.41072978976257,432.63919568659935,960.2742604601802,595.9869524895711,418.0179089736059,31.117957014586416,217.01648987403942,920.6263166851493,845.4659596488976,1
56198,385,17,427.3160031182256,820.0232773130425,232.3958222538557,814.2857337802056,820.8106402001439,58.00821160479552,492.0706294245337,605.7998243428938,531.4022444343108,914.2985316982957,371.82015903598,684.9659843229574,899.3516235555205,455.87856643526095,899.4582133775708,797.1689763451486,201.0259511503424,873.0159031819928,624.8052147734231,860.1196255866942,368.307593902781,891.9953122714041,17.84275217737319,717.9449724362008,330.04070383209927,569.1149536941411,377.0414647650685,707.3138912130969,749.3819914428218,276.2763921486787,94.27197936685594,234.90728273642304,119.33514040428538,742.1540894946382,586.5330144465385,466.81784012757066,35.614249098147475,223.14810662353435,848.6595480719857,596.5489159826343,171.3952847624839,516.1899755796818,437.5477167593762,500.3884402033808,300.55319553165225,792.0927871540551,370.43642779579443,11.65581879711397,195.14086005219576,678.8082522467934,378.12226233338254,470.84494238686915,937.1627513473329,1
42346,81,17,270.35925776684576,765.1543127260262,118.68274798552436,608.7806242502406,491.5584367193908,249.33313892890462,489.0144196592908,382.7152532355107,895.6390929603025,977.8029242702073,23.583688262652668,724.8145328862693,842.1796185352841,120.20301749641527,205.91976738696394,889.2756909985525,304.0844274764154,144.38516606574504,692.0518238330852,732.0462820846524,911.2366686563412,441.65227143402683,611.8416690260285,691.9402834457638,961.7330448499581,848.0624114485217,757.251677883449,752.3567862170074,490.59475325089585,328.555271998773,273.756310930523,529.5087214641574,968.7836383628564,327.5549273271909,86.66341512293951,462.7263093282794,102.7536114579578,284.7848119849822,433.5834373427663,197.54092685244083,349.5259386661721,412.03086357887406,834.5473205087426,183.89929164198472,116.74131080151939,486.2223912978437,73.16937876073904,449.8970366385291,469.89148336247155,850.8461576477627,130.33523870121232,95.0952332992293,718.3033019020515,1
32609,609,17,884.5753794312706,450.89269599533367,653.7368804278836,63.38219029386638,244.1751171787686,407.3628510359761,489.4439314407839,199.57982002432863,233.51675359273872,254.8781915618612,955.790091170924,320.8522784859974,894.7182759884837,224.87790951318541,563.5421514599876,369.7946628638341,453.0555640762509,884.5694639553553,975.4032564677129,108.33688302030787,963.4316562136714,605.6356331415557,952.0935200718017,32.35121250980999,230.03201459953115,581.1658935693387,274.49803403412955,251.94739732435124,10.81219417089352,328.68302912235646,677.2426467592013,702.973012241585,410.65443036126095,868.7700988610142,940.4359558634874,972.268049541061,958.9640099153451,859.8434475525705,151.02665727108044,501.3160480953173,639.8872904803568,716.9313617919636,585.4724723404721,96.97002565628232,923.3577667045615,629.6486913815077,215.48736147431435,296.9443652387709,49.04013250238437,947.94860825062,323.89580777521144,436.6949067114807,533.3866885948327,1
7387,378,6,430.39953490083036,430.8682129417352,804.1231220731876,721.5747901926146,301.43066706915675,330.4555646914402,824.9638280400517,942.6989028222599,257.6461058738038,121.07549742466739,666.1768824529048,56.37545283815304,886.550166521224,807.7341056524109,723.3810618700569,62.632235401892224,712.0870852301183,893.7730536887522,224.49546384901643,989.6014060695675,910.3966429310453,718.9912450175269,322.779267795375,256.3032784136604,57.704021348619406,380.7157392785405,238.16389983313036,206.14255849755526,538.4486610067288,800.489532491029,677.7004434392784,145.85165791169385,686.3090936711059,615.4176824074754,352.3056899610815,911.8559428892108,981.5977345234656,903.8008060179498,786.5787639603094,821.5171261737316,328.20796214519254,435.21903683960363,958.0164338167825,107.72883024417578,188.66758548478214,597.9828870751815,882.554435429448,311.2155558838856,368.64134390382776,433.0924588388696,339.1288126601776,348.9474347533892,687.9189098825694,1
53697,901,17,156.81746045988743,345.3198057090542,796.0429436918963,557.2064530241386,248.45450511348676,165.84826813640296,454.6997044951173,307.93883258001875,92.79820495196344,545.782211488507,414.77233133097667,690.7297579719443,580.7834754262977,998.4318101104608,707.0828141586082,947.4066086450657,597.8975531483756,146.78157402892757,193.48775452955192,769.0956174361711,56.336341038219274,244.72279354591876,398.478722539649,506.86526173616807,525.8563397302252,187.40861527248876,26.9091809516937,854.0125762338944,548.5727087236404,761.8527865189038,431.92034116004817,869.7335080711372,170.0255188461276,676.3978867015022,917.4885749739445,268.9905732461988,381.08473117289896,934.4636724431641,261.3932835386672,888.6844020300641,603.354041119856,191.0546800625288,230.5391296861513,865.6499717937807,281.818304595013,897.22385831495,853.5923641515858,969.2863196767998,604.6456968504759,452.5789849743089,232.0129349909853,293.07133044882636,875.0966646921709,1
50984,402,17,307.0247962503081,780.3400764667574,602.5472515774367,245.4260808551787,750.2975224714075,194.28499799930842,130.9084275749488,75.27854345858177,462.6606644285951,586.2282762178853,761.9590294355847,651.446299555108,770.919705236066,860.8358109633766,952.3748847133215,806.6193936526412,563.2335564375159,648.8428058701909,276.53793650919624,460.9970006753735,440.44359265457445,672.8025548095521,298.62293331679246,499.05837557268376,803.6439451241624,517.5438926119225,407.4114657023489,880.6298835905321,503.29295619697865,127.4960405180009,138.49012724904043,572.3759842526395,44.83960182858948,521.23639317488,610.1136571626286,496.3272032963274,258.5345862039566,957.3758576905789,328.9506680451534,160.34790697090705,946.9568726305666,291.9809514329718,942.2975855792743,748.2584114930196,677.8942996515154,363.8184204905768,667.3878445433401,744.809546142014,224.71363530622756,912.1962312484496,816.617922813765,222.4564648135322,164.2944704779654,1
6895,208,6,349.6219308774703,272.2342718240738,786.5872363397499,934.257980836697,859.2697791460396,868.791183728282,29.08708532526283,152.5280805809749,809.0209895433229,862.5897145615144,852.8298389055046,287.89403941615586,609.7129591327703,429.0077228850462,639.7106956455783,991.0194461196215,594.1734455399708,427.1534668815099,7.61649121777086,232.21485241437466,318.17222643843434,463.9687930879005,280.0030004488494,314.70343440864343,739.9523155520002,322.83937194421884,7.924495523607744,139.44793250610564,177.45647235345118,775.2175660675276,236.66426007904806,51.7106880204653,946.4021273733911,554.4537020766548,784.4560752416567,630.9069318828597,275.4091953903168,851.4959027602829,862.8561425972644,751.3704482900617,789.6030630187917,491.25834026850225,927.4281325857695,36.02875189899335,353.365043558843,734.3110841904522,237.71556333435495,34.76805788690396,289.7957410088651,820.90624234207,15.1809326209289,887.634807160001,468.1614492534111,1
8315,224,6,118.62707994430278,166.6429925681957,262.2071437001723,616.2508582948958,288.46110319624387,598.38017651179,173.69799109105244,664.1724889674662,849.8517794366412,270.133471062053,866.9315499350805,830.9482518441922,713.5367184044605,699.6043949706768,340.58274833954925,396.793394964436,138.03771055576985,50.181606777455315,707.0885413187555,205.5235879223971,137.4421690608727,578.1147903135048,364.88876661520584,862.175491008349,244.18315493790155,741.4960936108857,927.8746153346264,665.6182728984135,781.0627438787129,87.78529405745283,184.10308995285297,996.1430028962648,26.816968442738286,919.1075851166715,276.19454105394516,972.2493892703632,819.7544408353143,289.7523473710149,621.6702934778061,524.3187889380185,952.2094721433624,535.5725616421832,191.35999854297935,467.75909268215855,330.7148539117365,721.736582557406,243.08517221732473,890.3022877045182,167.82040750447447,835.301310324877,766.0635261945487,439.1455709597154,35.20419661110141,1
37456,948,6,80.66726788294598,467.4493719735399,857.4449415369719,833.6043920158834,238.8818594748392,64.46126770799853,925.5521931983542,268.81477510515117,458.9681913451308,92.8307794885439,294.3772692282396,137.50105497884556,122.24751463066119,826.2951229983042,931.3964996933959,25.421624494071928,137.70815541817737,351.7996635309314,650.2782120132856,381.24538467964044,960.6572240078636,629.8735073683258,446.24526664934706,275.5118846331327,520.7977806639856,744.9598766697922,939.398971942535,76.30977653945614,460.72074569252806,445.2637669539403,86.74165743270245,982.3428553228952,337.56913501745265,236.92874163133283,232.34575946949843,129.47130770016645,134.04626949462673,168.23583444976975,788.4059433591003,527.110172234861,709.1157874666343,447.82321715892346,559.1717523907568,270.3767227398235,392.7842487589239,251.51405669628946,107.26582009432839,803.1537443952673,221.81439245267853,860.7445707079694,63.198226121084055,970.7779110325299,976.0793813006842,1
42528,73,6,894.6510252591801,646.0153023777491,566.1710572793457,776.764901923533,568.2997940343528,540.3538885055177,294.3380290516322,272.95911326129976,283.387035859486,432.6066348902309,117.35683915618445,570.2837645556618,634.8298614107309,932.3216942794975,895.3840186144914,443.4059468126029,333.5505547211334,160.61790322812308,573.670676360518,403.5797874049898,155.33731983981846,48.86400167832261,756.9940698433738,164.96713822108944,711.1818915742248,356.41130411522136,375.36859220969876,416.50953592875317,737.8482042927756,857.2511924732229,743.0363662044217,585.4772232954474,603.2851627659142,649.4856799144131,66.90391048205868,369.87807309827303,923.4535066307188,735.9832549014359,690.866652397283,189.8549699169927,837.3443332305527,964.0020389292132,449.53520378723675,488.1851713531734,92.92417227348948,672.9842773722808,339.30145557515357,810.0750170166582,793.6806340753332,802.3733559644236,305.2064397786909,527.5393615722935,118.17774923672842,1
31569,348,17,513.3348242355246,720.390652637219,596.5071122223812,299.9583192137486,427.12674226120583,886.8369341016169,147.6577292450202,803.3270065101774,156.40959095741314,383.46207332395346,206.113827496871,739.9640920274585,207.58510054026235,735.6632674176756,76.15527760661955,265.46670972150775,349.6522179648679,986.5442721765515,279.6163893548066,707.4660672998596,832.511140275174,645.3987814152424,310.5356830446394,513.3508093506588,338.6413311066685,362.7764094172672,843.4155786646797,728.3282952169448,309.3119112267336,884.1723243717112,14.023810413569816,425.8428033353192,506.55462365572544,991.5678904458982,12.286196374191928,220.57447508301797,75.99404989651903,151.78743596762502,901.1730740114631,510.1888458869356,144.1314917641281,574.5399733009249,27.469456665554226,902.9514340807054,239.1667877279575,358.1907823309056,635.2599689295273,255.70062764362876,686.0708922075373,756.6311209719154,966.3029466897389,721.6940599455957,56.554121449250985,1
55491,140,6,189.67518327231514,251.06285676778884,736.4309087072322,17.768622263234278,161.12599726883104,288.5644318587618,497.94415653126356,274.8373066588966,808.0986709487216,131.81354505769238,318.523650568119,450.75176862509556,952.2071535417851,983.2433440326918,518.0687806270573,500.2576112032622,97.593404136335,506.6946125707628,186.9638866633827,42.01857811980714,23.735857775491365,982.9463976963577,381.0482888165977,648.2947412919629,750.0187939816498,920.0426459742151,364.63888944842137,981.7857126220817,47.9619903427686,14.872979308244494,438.95249470372977,521.5255008024835,484.62715588004113,88.06961374188072,727.2388259110501,439.34160128067157,769.2502206697095,220.58809607563447,809.6766497805979,775.7046431354069,260.2194931370229,678.6838998820801,417.42743513286075,81.11570687328529,939.0847448303564,90.55637570658615,421.4441616764856,365.22603048847435,544.4205671473215,190.8212107567635,967.6376106222808,261.9799071520179,74.61943438981855,1
14411,31,6,226.02153118860025,744.5759118089959,898.70480882606,582.685172830521,608.1687929762949,788.8981624087146,957.1165984143421,121.9738856953284,194.2091671991405,730.7234513482857,468.36781070783286,559.6618622291871,884.5124288107277,128.3522386546183,482.9189722983061,376.32962177185505,345.9921379884815,931.376461327363,884.7046564344267,88.00427744438633,540.6183919454265,464.2321175039238,26.564019119067805,105.33280538938416,757.1568277524655,751.4187313575285,487.81719374596145,736.3389327263146,746.7981426126931,708.0368544396098,459.70946318881323,137.06158366538202,553.3923160270982,826.3469243444392,163.390623415687,457.8533131268543,1.4906823202833763,986.8209077721655,78.89061369253902,142.26854870217986,813.7972451264028,158.43201561420173,458.3258174300171,448.0183999598898,951.7925567737333,733.4135853115944,493.8764221398669,379.61730389488315,809.7299505339774,708.4437128707054,872.194443691737,312.8944370001018,496.6753156753507,1
21472,932,17,919.1928378984618,607.4407766357372,578.3077703661866,436.81317518889296,575.7823162194695,175.34532976986205,541.4266342868699,818.8666098477097,163.4909297430607,390.6772323209797,247.87586857577938,44.31686840695892,486.14973892171366,729.8805260392234,92.42259330256286,291.8626889708169,711.6881070569411,441.4085798093042,396.3139952506941,34.71131479430778,692.6654047394813,241.49774307505822,30.73258504050147,288.65398755405937,308.1344147816005,889.6069086774972,685.5703897395377,342.9537210976213,226.69917395998462,972.7816764794914,140.33841841905436,851.9784190621345,422.23504035490424,730.3515978415558,56.14303223750272,257.33614959637987,45.33170778531259,238.4258268752798,372.4572622008472,397.37667013870816,470.30578100878085,620.4714083798261,986.5428304901734,381.23480561998736,392.8584758686273,778.7822987071557,203.0973889587009,183.85505979620655,212.46742610515446,745.7741626157183,975.5876198061858,480.2122632725545,75.96023265812202,1
2724,271,17,443.82241670547637,543.5935495059939,727.0989009799738,317.1530869765589,981.1965637578619,188.60654636181863,849.486445851669,139.31926867454558,19.182275791543525,851.4475348938045,472.1428898337371,780.5929242130535,736.8536870917101,321.2363844407965,178.1347613463726,138.83634964550217,690.5433319270339,891.4313911771189,573.0825513327142,513.639023978858,63.20650147181384,41.902242560373004,938.059195635482,743.8475930058656,432.24638219215126,388.7675957645794,974.0302309962585,700.5748914295713,409.29729114436054,323.5055786234349,74.85388185109932,522.3928022339662,877.6843182801272,672.224144531598,239.52439271664215,680.2271899328025,351.4364344692784,3.6669355509016954,319.2946082673843,40.25238503754569,199.26834867002418,340.7810274719677,342.7716064876071,84.15303369360572,683.0445432050898,645.9947655736983,601.7944755540966,272.9741508220396,393.6535907936779,445.9935483539408,846.2906823789107,236.60465325840252,858.9303336871999,1
11097,577,6,852.2842274089783,301.4897768140915,151.77155076340233,641.3154844052826,965.0055156199704,958.5822822120957,859.218340575955,786.6408480473382,534.611192368202,851.7367804206269,96.8221092227387,361.9370171483081,32.6919397401283,707.9020663652436,318.9948523480879,608.1511550813094,742.5501474495215,351.18944183851806,119.7337703885314,158.1712040800234,307.5301464815937,692.5616785741879,279.6864474154982,25.05118787502536,804.958237034112,123.41477039046633,940.0320495489382,721.5769009172609,860.0747426422491,251.4620483443587,554.042865088859,301.4350486254111,603.2309847351466,597.3737139722257,17.835216542237188,587.1041679503517,32.04795644103831,193.28083302685562,579.611635309139,802.3690649761005,22.947359965873048,823.4565718562891,654.7493786648481,351.7104982766556,513.7802687047637,362.4116977745678,445.0900585629932,362.0462364350041,999.7298375800299,464.6748546233018,326.78931017184533,104.61052489024092,224.82684626668993,1
50113,501,17,146.32179292773418,650.4409227741526,382.63597536852757,96.03462836142373,655.3652142414749,216.1904968506232,705.959429141775,535.2754626213956,180.56652977052556,404.413211393153,183.0058285688363,909.8713972508785,255.0176885693789,620.7753792770345,287.4970135106092,13.75811130759308,860.0038288925991,298.32372520727904,23.878145326564958,341.3334770964849,389.61423662017734,718.2951278120378,591.4863707892862,976.1557324501443,608.6069162439259,205.0840972273067,158.72777567215923,232.87351486411356,443.8377132592827,245.97377056264637,7.136861429403951,889.5772234146262,790.381107438423,371.82931381148177,937.6423497562872,943.1941019858218,210.87312389418977,752.266183368023,615.6540224437657,21.073321577294244,77.97294466062633,282.91942896351907,347.39359261491467,664.0933121676337,123.27310488862442,542.5908504233814,805.7931621680325,67.86064027789752,69.33509775568115,300.28104338018835,603.7520066917459,725.4182849798833,900.9583869684468,1
26473,399,17,989.1708447550761,141.12653467206738,713.7795542485255,375.3930347752683,120.23637372844065,547.0977306021196,478.6426096905133,904.7361352096926,893.4000600753121,137.9495125989,390.28677336631677,472.5959671069794,87.95387360248053,67.11025472218878,412.94224945094606,712.99261824771,164.3183442541587,867.2973217757873,292.4722101105055,576.4220101455227,421.420071616903,177.69861325146064,501.2172875601303,689.4703127488931,85.09516528806371,822.0199428335203,46.20666116703831,465.90833327767956,386.51698370924817,465.97224452026785,661.0937169995768,441.7108898294034,571.1559602178961,739.1470752768671,215.064086296755,602.2782451562033,81.33781261887873,961.9308953476958,269.09691860818583,338.3375509178412,111.2427872086229,904.930883713348,930.5916448237689,260.7042457069785,37.495763899251465,345.8378232943792,804.7046244964929,894.4427859310696,192.78949930952837,61.94296071177929,580.6584823836259,516.9389913708984,106.9084173187831,1
54834,556,17,372.5794005902839,103.63571521477444,727.6233826439681,123.32632527387366,145.12731301783754,956.9308734543819,632.9555482497672,157.24516964539893,740.9443888997164,839.7391469911181,898.7270751550398,789.2123778924681,687.7994562032186,765.9350537202669,380.61384740530224,980.2420729222921,992.6199394772317,182.04252015199052,268.91640983541544,272.02235559487985,853.6668059437834,807.4991190969921,884.3330210857223,962.0259120224181,91.40232481723021,508.7871092056925,591.3993071330151,81.69089582244138,901.0862122486601,132.23744707016726,512.1100199026091,375.8661431719924,803.3473032169267,255.06651836672634,943.2838403379658,990.5871548516327,119.38589286569811,583.7308918254039,643.7089082557427,791.7304455581024,830.2054674210714,217.80842830939628,102.50670478193791,123.67206777259688,44.94095672281373,700.6684260806057,654.1455581157325,559.6291083429451,234.97542773689673,68.34197612050485,403.9204933471909,675.7642777310085,322.29578618842925,1
57620,778,17,844.281159610351,148.9190861718892,656.2785285409051,670.8203073873981,340.54622805153576,889.0801210003086,457.9003869816892,40.68819358046927,439.83510970262216,973.5763989712517,782.1848861820474,406.16332503036347,497.4884107951101,330.95164518549103,519.069609659461,722.4812242537042,792.1914732376928,675.5072839436541,55.238267945836974,816.2408361305088,522.9858456958664,991.8739258751604,685.5469951577907,763.6819402115655,965.3735804874397,588.9001069864192,795.8055797227016,792.9106111274012,931.1320397676105,729.7491399679701,341.5131241792019,693.6831418798756,566.4488396042154,656.0816496913134,438.67829102087853,679.7449168627913,32.66022257442691,822.9821529434442,39.34502986674748,288.0351069317223,302.50932993236324,926.4436321697679,485.0201221251621,94.97191820447559,79.5124837195439,70.7442377895402,207.5517176716095,104.34880278838254,765.8325947398741,679.3066476588591,450.3828633827025,88.47379532174938,998.9519593059528,1
28294,727,6,134.56655578228182,106.69317521230903,718.2092532065107,966.9195322174807,828.5958526122398,184.87375116874273,157.18184199688002,71.30066554410519,563.9332409803687,956.8837603541258,270.1968212378971,406.96852520629267,413.5343391175371,595.2096956450342,594.6362630494916,236.00255710672536,122.67181643622949,160.44578616803295,618.4911106805964,394.9400184366585,75.81323445987343,116.72332162591037,390.65688037887656,147.814065795018,678.7062675426588,810.5484414313268,60.097823024713115,106.6835956096045,372.0004451113526,144.94643316750444,694.5955070367684,55.65334512469511,317.6271164240169,340.83017173984274,630.5434861306941,101.1580412901032,963.9360838501838,629.5207454855388,319.8093440761549,516.1653799495482,643.4136106300992,891.9496765709199,450.4910410957631,359.37099570418553,821.74501041777,85.15220917586097,903.2063227191181,905.9119931775153,835.9045920337263,667.0351817755674,205.5431474100855,940.3700437259249,375.4990097686485,2
9201,762,6,604.3527798977997,835.3943463935972,67.53421177393382,458.6035497119392,845.1703380120375,713.7595289298034,528.8623701903186,14.678376069768184,520.8606063179881,253.48304948647592,715.47493302608,597.6527474537713,557.7672781155936,829.3983503674187,670.9052456228965,757.2563992449798,981.5617986285527,44.49254276431458,567.6839411149174,305.00142055901966,327.42912963186797,989.1928275566194,13.523092430399618,400.0392488209359,468.9746107775539,318.8910614919411,247.70272630964786,314.0082542623186,380.06046005193974,907.6243285191528,211.15523248993472,79.35477588795825,287.62565981649755,297.1490521232538,772.2706128625186,655.6161450504467,706.8175340833931,228.75322664255805,828.5885959445463,415.7924829104158,393.0493774928879,572.6691871433106,112.64062349113968,602.0362044814798,829.7950284987189,917.7132948788391,583.2210211861972,428.67743866993914,612.6956338760014,68.55747444246074,578.2392811476772,770.198261452142,601.0011847160195,2
22560,760,6,669.609133198254,553.4497373800857,742.4141246298979,689.5529547718855,31.96197921797994,730.7125199716473,128.98810449950582,612.4194796231608,525.2986593447067,302.9517124061366,138.14613757188087,733.9733061695073,709.8575425972168,141.10676630834718,690.2164506995348,96.32200104002975,68.44978954580327,908.6502959254221,549.9558947114396,368.34975922835787,600.180018269201,952.2190004562557,650.672678708732,440.72508191765525,418.6505394897636,20.748456354180544,864.8872436773069,618.1056518303537,173.39688928255936,515.9011055259459,749.1258786317704,16.039496769432283,72.99398106392651,759.316917784631,974.2557787438278,814.3476309903608,370.3469897982797,804.4996246137235,393.2349983578957,187.63538292899662,54.979432118103965,74.33168213095531,961.2390216486984,440.90193150828895,156.65314177807645,328.98046174043935,619.9463144780888,316.5043182836621,78.5551689641708,125.16546714792365,197.94345703789716,150.8072160555981,810.2254108955685,2
7887,404,17,954.7332845694635,760.4201498772122,301.19618804148894,644.038465780432,659.4045006370227,228.84846077508436,313.2818326616986,869.0771530701194,969.951977623479,13.991308155732906,153.0811392321715,742.2274884535141,44.54590303485973,495.9416607669472,696.9789635997163,860.596800590947,156.00909492151504,405.3698229234624,288.834447609049,217.40720640277166,572.9179869971885,25.38377298779626,803.600862008614,291.20274126569325,743.3417706083919,553.8465761529592,735.6136852280328,889.7029529543946,57.27157185721254,260.48666852651945,777.1785807320291,81.1395805810845,475.27719660221743,817.6061568928483,854.3451062149587,744.1464226062229,627.5556760931804,479.0780425412938,702.420175282067,331.97735526902795,722.5370854494414,373.6240080935345,422.5855154453181,177.2518260866459,23.122021913859037,355.8998958124386,239.51235925881397,982.967325372811,742.230649030225,888.1977426465535,821.6825017854073,3.3851690812446433,38.48364824973349,2
46363,503,17,730.4979680931272,414.5954152691519,728.9693143759769,872.8144287044346,337.64526577467245,736.5858514561146,892.932307104564,970.1353239704573,638.2935092307032,947.425480668383,322.34820346195727,295.5575817595781,63.752199585114575,510.0839101557998,594.3729731199244,648.4862247697279,186.3930617843227,857.4493118027532,317.77546057969255,403.6041505325315,86.60211018096508,984.0961015904728,966.2635780984805,723.1479085683852,760.563421780043,158.19393894260392,249.6159215394056,558.7693606874373,12.009331920740717,528.7036428925518,868.977996783792,881.5858393949833,531.4182654059899,144.34732553294992,680.3827056795338,625.875581168716,411.86384407702013,76.95494756389853,716.6788180343757,296.9695341549598,625.3543350234825,787.2755010330302,804.6404902790249,987.8903955862266,447.74944479980763,12.607071167995866,546.0424011567296,493.4589503869535,920.9142715497392,53.9770202756269,442.5037696233203,919.1622160509888,483.15548728057746,2
21701,678,17,597.8666965996742,821.2140754301931,383.68169746750533,896.8738666927298,667.2505614121283,472.2909402469432,725.8044155432754,831.0816142860423,180.99534336223954,706.5007659124874,371.8929971437822,376.2906129835245,854.6140430242958,779.9155569011826,309.0499889322343,636.3955609576774,440.7545808901419,888.3093070971887,307.2350884361259,317.6295208914086,402.55717237814883,275.2747894268821,665.5108446093541,335.49162232846487,610.464988646511,275.91533239032975,660.6296737939916,242.04048727265393,272.8387157054467,698.4486986651614,822.0514036156487,22.756206762880705,51.359041579906226,891.8089105576538,51.945196965318516,520.9987368579601,609.4114676989332,425.57454152013617,663.0855486178439,728.9053313705386,551.0167866501945,308.0476088323204,113.42965292085006,966.1373751341249,740.311710736672,608.1368997805353,191.70203889636227,639.263561930116,800.262962651132,790.7291246627142,706.0203780202874,714.4100036780037,765.9580619546218,2
49215,822,6,209.56373495853654,700.7962447139936,614.9161688232208,193.58240023968688,686.7310687218778,289.7563656796769,468.6201781545907,841.297019467455,626.0973027776377,14.303042027716263,880.4433775758253,549.6966051357662,490.2757241877009,396.7943007436331,537.2111273338808,207.75176320075005,269.37393753711825,789.6146141713717,250.40247549000938,788.7048319699184,599.7276391450577,121.87332009363894,269.7798862491495,659.3745170271483,456.1676238222259,136.58968610892387,524.590107496052,468.4511959672787,3.626266706608039,393.9316045907657,309.51705161199993,987.9003773899318,870.9863445918302,111.6509508912833,345.8060681474482,633.168010291099,891.857198212968,214.22294023764198,546.5486031758314,129.08288619941445,571.2669606488848,571.1599303701231,407.186984803849,514.2369469208563,529.267431747952,444.08858849080104,33.1366221586018,990.5789272124631,658.3418008046019,915.2512621267758,150.30551379868362,860.4296347929953,163.27330283875995,2
48421,846,6,212.71989090781761,949.9795851610987,443.60952432205204,764.7391182797712,956.3472589793578,977.263029422447,666.7083873831372,357.3911218538366,122.82093471878453,171.04293324315,729.1497783558306,909.8557194269458,836.299712285352,520.7161128499044,1.606975404644273,516.6233774399118,365.7581848869499,658.4331119483533,462.56290465233195,226.74171566545277,750.3665240676326,377.33906737030196,355.5940512287817,696.1276853580939,855.8140698335648,321.6926277550394,171.5464068513549,435.93799546897907,607.5289187423558,911.0638153735498,770.470916687138,445.5863435214162,687.5673466946258,625.8443615289434,736.6761705311468,800.7131747516431,969.0428533881854,484.8085814731589,434.9663890701323,544.6364923012884,961.9217344247601,859.2854337149461,985.6299025231085,922.2203955116805,189.8604382441772,920.3252195592581,937.9151741518833,26.699394091027507,208.30472431004287,478.2006503956402,593.8316129233021,551.0191416687261,478.89375837292835,2
3300,104,6,652.8038714672342,51.18128995563676,935.5237208634405,268.9070752423848,36.277902013095,643.8749603316531,786.5509430361009,724.6996881506219,234.9065956625216,258.32538915133364,642.8897764657528,86.58021543656591,769.1114777566041,330.1247865965951,838.6508097591156,116.93579167978685,630.1185251028213,142.73838194863464,616.8775359692531,297.1812297518689,157.02512706773763,571.7222160603365,25.841722735831183,770.4774277438844,576.0603741644039,62.91191820064568,472.29073680840827,278.7008395696056,743.8305988500757,495.28308479903205,96.58401373545023,188.59010693747246,72.71513080687176,392.9968055383978,920.1109539553287,811.6070001634639,530.651514591622,600.7092339672089,947.0293685751666,110.05257070921614,642.0202962849846,590.365389437108,274.99846858957767,832.8024965594026,692.9041538700582,122.97835994468964,371.2271708667313,835.5046834469117,766.5469923915747,838.602944538153,131.71063064578868,185.42764372466914,231.72603805369562,2
59839,656,17,990.0878291318612,347.0338464967283,879.404407133414,263.77478041354743,36.52749079908724,205.4500531365929,22.49977582971685,52.367662417799664,606.8827292196032,774.0187903159693,336.4147822820239,677.8100865068819,220.16450701128332,713.8443235950217,844.3085891645993,700.6265343166002,31.603071820094364,977.4937274241181,232.54254052018396,571.434136827554,255.62840631703853,424.95730288909937,127.87626504544158,401.7663496866663,408.156666365303,237.06673099865128,798.1832439113301,123.70502612483514,251.65935174198728,106.79416056382196,773.8204812040127,229.02497523116116,561.4454459296062,908.6979440407312,16.560728831481853,452.72053949619584,304.44702930034396,814.6984839905845,325.4351040804814,299.3894783807456,724.156401009686,725.7830481562665,252.79420989382893,750.0548962001961,790.519883672595,702.475864363864,942.0982965789422,134.63580634932725,779.3499598721886,941.5382383008515,215.15079264607385,108.20255210758201,365.6357010483169,2
8945,29,6,909.0680219123707,494.7279988046055,158.98961075273277,377.5258741346107,392.13185307861374,298.6491989766511,195.297403122355,492.5765490485342,791.5700105134063,216.40647667483393,166.30464920126974,969.7637785742328,969.3440399244963,53.57831525306389,967.4216714864958,215.28200291982392,971.2325826199243,740.3039925707216,455.15505689966375,632.2670840429978,183.03518469675495,949.4489051125574,602.4153109618898,902.0144932762269,744.7227833618567,511.46918460743785,247.51227568507085,257.6527552019871,41.49994029073545,676.3676354850816,109.92724036768875,391.6954601773628,643.5245532749207,174.8975089548087,116.84056592282921,221.64764262356397,653.5840791738439,294.12660735010854,790.9253298110217,557.0096421767051,108.87032414278141,275.80789639223747,35.11654281031085,836.9859589561632,40.1782411412136,22.145599538286763,944.511558658033,13.567730014454217,864.3064336104022,182.88282461735994,971.6798480070737,331.62320379760257,152.82262892316746,2
8369,174,6,842.7193694346267,40.86232840180371,395.064963553555,547.0180971774973,19.822648290511392,333.83343543395574,763.9263399750294,60.74854661673235,950.4257828528903,174.594493181891,841.5436868071539,293.90811519833284,653.6685665447238,539.4748222012838,803.0754034857082,221.57817439339013,963.9452461318853,423.9168279239003,50.656098407756424,65.08079121385857,758.889383966879,76.84448149365596,485.57769823874185,477.5038314976833,215.3191276381693,969.4865649087648,805.6338216637039,280.83690562258914,796.3592007967155,981.374546543595,831.3824760463218,159.09906864285205,550.129597832495,448.89416121398517,670.5020212998062,485.2696848115329,507.85570389884384,625.8285706687702,869.1730886486682,110.23782974475994,4.859787330888765,590.2670534612382,652.104336231061,293.5938577479351,695.5874517252913,697.8365275484408,911.6044877335995,273.6771425767418,403.73010767631376,287.4264885475275,274.2307143971051,65.00165891114773,606.8899771604034,2
14446,1022,6,632.2429162289616,628.7553851455856,243.33181207080167,255.6477937482574,117.15439428607665,865.6248559457487,62.5790772308602,310.9363112148529,871.7273794061596,329.7855631995373,780.0040863636025,476.04987325701563,913.8900560883707,64.32882836175469,683.8225357930213,984.3101482461608,823.3364736385688,14.371590282069135,885.5426396097932,443.64470408228374,458.39135393965057,982.785008307426,852.7499654168221,906.1456221975285,936.8390399718287,207.95482327246907,496.79253192277264,890.3281674479337,436.6397710091148,194.87956317977563,828.669578636165,920.8150782342419,95.32902014673927,414.960868498748,373.8169142391765,8.764471347849634,801.9587021455544,770.7380054830039,386.57456890528886,456.8552357655008,967.1133570415406,90.19943323517121,438.11440884082396,961.5430444190175,394.18308721774486,11.437292887510164,568.8083307060377,191.6501593383112,539.576529072351,596.87174729446,14.202317446739276,753.2479087552513,88.33077208238072,2
64827,50,17,180.51319800525812,108.2259417308129,507.40182794943587,169.35329686238333,933.3394331814893,996.15721227941,60.284128991401346,934.089472655578,31.665987311439213,937.6905047051016,865.3830839108397,986.6338276465963,496.5683787372327,449.0503400087568,817.2883706020784,324.16292168853545,494.28015055796504,691.1956538245881,452.9604950747994,592.9513113811573,752.094864537912,573.2541683076987,814.7536283707154,445.31600505437217,674.0102282892177,78.24661135885769,637.6360232265926,596.5682326716371,555.8495799533175,191.56481019195837,641.8388207078704,600.0582396197243,876.8006089851135,588.4562883641831,786.1685530534338,894.2680378099924,210.71713789438152,805.297335982071,456.1866473697097,852.7291922670928,973.7524756121122,278.2702183694088,812.1215237432948,352.78783516489585,758.1913591414727,300.5828312144684,516.047857351957,364.17499015917366,232.48302303288392,58.88846034707462,503.2329363666648,791.8143068898754,132.54242862428944,2
9081,972,17,740.5259109280296,337.9192673811735,138.1298199143397,423.13704197913495,551.5609364548845,185.95281184212632,337.6663445188193,204.2127026107905,503.5111759546966,243.84687093532875,307.9760117854181,501.8704426576751,215.91698547830995,987.478611064409,454.4545671000965,126.32993506230106,948.3824170789529,442.51100995571136,612.6651059445941,268.6197688517492,171.54840070069045,842.5987011726,262.39794823263287,60.242706269749036,620.0696820250544,933.5317745785092,856.7554060750949,896.53112166402,4.98271990352428,550.3235793299923,500.30919230035045,727.7373580178198,682.1035229925835,402.4814920514097,909.2289159310097,948.099098708112,81.09580180133081,790.8689870280199,357.40263292676065,395.30491062243124,48.67927331124555,82.25019191105032,452.3502293024069,821.1204321533838,717.7691934938002,399.4431194557031,970.5268667207284,743.2949034109535,230.70544791516213,219.77459974587265,61.42650399076754,42.11476615840337,649.6820534179573,2
5809,239,6,627.1688175596778,855.6178882031147,716.2085843744828,246.0327062310774,906.7132398601972,432.77340114656624,10.69090641307524,29.793088590443716,468.5944807146688,815.5805770369541,216.34281815348444,129.86834677090653,246.9141050813203,210.51645982260814,4.33004658327496,602.7875537668646,949.4930450154925,717.8169363425021,160.1862058008905,406.5367127566686,402.3009112390169,450.6667759819497,795.8824765757105,423.04916315055294,710.8151412774068,718.8233183636631,896.0929974696459,140.99697993463113,836.5137964623955,802.8329077685273,465.14718326963043,567.4409710866702,438.22920039984945,913.4348637100088,168.17242037974145,203.11978615525973,372.3564651634004,233.3866263458999,930.7926455586093,237.4446495178323,434.8760641672425,962.0647947459415,548.5451556792731,269.4695382295229,810.6269061789313,572.7612082432887,101.05143456526689,477.25405040912693,123.00971404112593,443.0085199766182,450.1014715801528,541.5347410321651,615.277201262417,2
29797,967,6,768.4884238003445,487.7071867194556,284.6069359001341,148.14019114086852,260.531736317927,150.27474547450657,618.9422962583335,876.2056753772877,802.6710443302474,570.6344862234022,484.25040588137034,698.7680775008553,958.5402740742556,240.35530114503135,113.36313357095729,938.1790249895206,569.6664762055608,664.5608673602509,525.4247036903199,324.58534480196613,695.9339315108973,76.97707974551015,130.2430103699852,74.96795556780889,645.3268902215566,675.7300506934045,365.807261033521,42.100586952830255,664.7881890406953,511.40800072051127,969.7779109719108,338.22211850334793,440.76498910471463,28.3979178883218,543.3289818317696,761.7210459294671,237.6809704785543,129.88342834177337,576.3287746262786,246.98606586321625,778.7565160883026,620.4804468152977,664.8101611450099,939.7624031354444,541.290966492493,670.2581407585127,302.01761677844064,230.664795231742,258.2016676682587,452.6780931348523,985.3596907590861,721.1380032789431,596.5080238979452,2
37025,451,6,721.0148186873859,174.50276382238638,997.7231740602587,723.110572391548,491.32005238787633,892.8404812217493,644.5729219130301,634.357720098769,487.1120047113382,630.7358722952667,202.35357427778865,985.6527550422486,35.35971030340646,995.7130235769594,839.993411068765,517.5387943311973,509.8115141869617,34.66297686274156,928.3156740986831,161.94211393398683,987.5433587531222,525.1568171434988,549.4568647967494,886.7450109825766,621.4060199041273,973.1313974910399,107.68462828667103,516.5925231584462,143.725834757518,917.9800244521737,212.4941476320371,641.2946607762325,524.0300169164879,563.607613880162,647.6234098651352,683.7636457172347,723.3041483212079,140.8686223614257,279.63869409304556,752.0190982842389,927.1014920990327,365.2582500529312,120.58892338108184,907.0996584136209,605.1970451311062,785.0615115453917,686.5396994498483,264.0058936156856,364.6861155354831,740.7961654628132,594.1914455431136,452.9149932116332,238.27068636450065,2
53028,881,6,916.2018877066604,328.65576489397876,276.0566668388925,51.571113554005564,388.92011064918086,134.59058346678964,148.13490880642576,177.1172819657053,385.57789731089343,828.85366647116,700.1392714408631,530.3128063740692,799.4366286289613,623.3680771735466,554.9358781788233,220.00454089820298,680.0594796688155,554.6095519219774,535.7000835219744,40.93594160638536,647.1364187698227,273.4026727238317,473.44627192857337,384.72290927755205,790.1961832898295,369.96976736950717,671.714793971022,855.7589913018238,355.3922264051804,424.18202438979426,712.0554321104308,763.6873990128859,90.3059775248295,101.58835121885168,189.7445346859108,818.5120948248118,867.6426992250903,721.5071497498404,833.7260850280186,467.71668155243395,537.5419674237444,694.8406506852909,818.2924556693525,127.67456249599196,804.4790465812795,843.1862237103874,0.645830182881113,977.4446191215633,522.4597846002166,908.2950588437494,693.7367853316348,313.8060242075449,197.37984147676434,2
7819,240,17,4.8637966270808075,366.2917303309867,765.6495938064782,592.5940204752803,535.342264586238,571.8030687991267,168.2711374299094,892.2019655717859,778.5977617670941,798.701262865694,150.20686652982673,102.03716156400844,804.0038599703478,234.89927071322813,613.8016097162256,399.1932635364348,769.2621846462747,317.052054355987,897.5549227937431,828.1256739132332,60.573134386248675,404.0104764255723,108.17479605139535,647.9001059593313,605.9155760553674,333.79240404838725,733.8353233843145,423.0787869450283,48.192556381085105,343.9526201245324,393.86331701272934,543.4091249119751,339.4880127120779,535.6358667150467,582.0462962763436,227.8934319619398,823.9929178981332,757.9459909350509,116.64182861873817,293.16213112195754,750.0725384772542,358.7326570160789,67.50227562913102,36.61149185824297,230.11439789248345,387.9073864437684,983.7431419598241,537.8125061033886,568.4882395396386,595.4996429054002,221.03714955317656,603.3189388003608,892.6907791742235,2
42914,585,6,69.21512040748601,99.46920100932321,407.755419334577,328.4138140789344,619.6214568445961,532.8410613020789,515.5216082471668,266.612257360315,936.188405680589,247.27553263153345,785.4482077614455,688.3086899989297,550.5544329988982,779.5373914557686,630.4163303125415,554.6629325043505,395.7107991173714,894.0044187802921,796.1150946358748,807.3616574641431,590.8792238623623,897.4642430857645,606.769649043949,719.2622200150636,465.4764171187915,57.31729773129723,389.77694668390126,7.511060123050806,571.592357703079,106.80720483713735,944.0917982828923,358.61519818826224,753.0804929427565,552.1063680305103,117.7577121311788,360.389875330475,605.7919638779233,238.47961123415396,376.278252766703,120.6210880653631,290.22500630974355,172.6721070513294,861.9298266554194,237.73598853105128,31.080142304906076,319.0581556849327,763.6953136237275,239.68266169031716,970.5218030609315,13.522281068238161,788.3527759801093,451.3805994156597,26.752594228841797,2
39857,651,6,18.0919870063615,877.0018526477263,519.3921879747519,773.6504643631627,508.29518076825997,830.5919614475754,983.2760357389656,241.72133447751398,691.3381626616545,263.50541308240514,82.2781319668846,235.57282886188037,785.6836363176809,98.25034904655361,129.51104248074486,172.63114426722314,682.6099809176571,197.94224390492377,287.1737318478785,615.0624574771176,758.4287204475457,83.49819189335584,160.9518888178505,620.6242804124114,693.0000060607344,258.73367407178273,570.0558196061689,794.6510951157491,674.6070769116743,846.0700561597054,733.9390462466005,647.1127745529697,482.5215338101426,72.18902930273774,382.7273713231918,287.56430516924047,71.17790694700577,981.1545716559475,356.1787624879259,505.11410277924296,319.6550452566629,710.8071306085039,438.93759837407674,988.4801618713209,65.62924957979422,426.41963277235686,761.3514859417962,151.0655000273683,90.57642047803193,200.52050919213517,531.70673028163,571.9510855005055,905.3120722051253,2
54062,303,17,625.0479477895128,135.9592416909916,188.96649365365158,510.94325824458406,777.8882065804684,464.1928895140758,179.47672521154036,415.9526735492199,587.4268360676895,469.4339350248853,263.67282992764996,857.8347641782555,943.923462088507,951.992953651923,337.0475375571087,263.38739753119745,277.1203093083837,202.59958302166825,431.3359538961817,748.0062181153049,67.06980017850572,380.14857104602163,656.4961059004088,215.21642095192738,497.9224235015052,319.2338492232788,121.27415479629322,402.575275602826,789.9131743192492,922.2529193357165,406.3746432663514,759.1005184738272,771.7342659314838,251.96337137277203,732.3730371994482,79.82736959777448,38.97308549694101,245.17976976746857,693.6114225936567,383.8357357940113,949.9874650654677,323.4017666783222,543.645902622455,616.8829805583109,661.5555006923373,398.1667687761325,475.67448210014294,433.3764125010558,469.84592187273154,742.167619606929,971.493145784691,475.00960602144426,723.9078602658386,2
38112,99,6,870.2677498060872,492.35179434265876,863.1739930144954,737.3663738979953,474.6687990349261,777.006019462297,691.4137954726003,456.07213412273364,471.92432169904964,42.58338835400022,842.8990251933074,670.9172907772481,363.88983743956794,259.42445050312625,665.9989667149305,545.0022946638626,85.3394652597299,333.06491901089186,272.92090351426356,738.9120761763548,68.314688472088,617.0474628400839,611.099788471984,788.5266657029597,727.8066982184497,179.9042766150123,287.98137522420853,440.0600662095995,570.1601732925251,315.48269887029636,383.4922606132455,702.7335573727621,255.82184554774156,717.6193809497405,895.9894241460269,891.521736983856,905.4711689733074,542.758193698071,113.09700282084034,984.7526270805848,374.08226064361094,196.65565690608656,509.41278535430826,292.0446133439878,919.2566257383016,469.19878516547385,790.5523099030075,375.35933822694335,214.44489524668307,553.8608858836146,810.1824136610157,796.7484054440852,299.6502506246899,2
2960,560,6,452.11108681123346,112.52820607583503,543.2563780190712,26.3742855431488,728.3017357143293,535.5395889788176,990.3435191197058,366.795150519889,200.5325189010384,148.30831541466216,221.2839782390742,311.8201353621788,70.56895207937941,507.6304617951958,525.1490838667103,202.57519396248202,540.7083439894564,320.9761008939764,127.23773322196918,387.00912605368666,719.2914150410905,934.6757077277109,782.1224631294731,28.73748624361827,883.0781253937365,860.3755812493404,782.3466449415603,253.6821570189407,212.87573716100138,207.78453686156405,441.9212175941939,922.7230863000209,929.1061877963479,19.196024564374746,12.18001205139474,550.7828099103137,617.0907107866494,457.29702754992553,877.5595686996376,537.9957214482681,777.8494241434477,615.7697767425204,152.6857564045394,846.8170759230237,634.4252496070326,559.3402063559021,851.8862726859759,766.1569245020685,833.5538575877889,711.1182714866812,959.3245020816778,764.5139280023254,833.5333009193829,2
4386,495,6,509.5186559508048,761.5680261347271,929.0797247271134,794.7861690362511,619.0895894256677,641.9559427419009,63.09352677755386,250.3254375547941,982.5449025883669,383.3463489490281,357.5907050920537,426.3122075623673,83.15950862023647,490.93369829599976,39.42991810617868,398.9072916001848,751.517803963869,604.0608683720646,699.8373995923591,535.4471342628035,981.0228885464379,406.2532913812712,185.68913625561788,59.70381537696012,199.89876961196518,942.7732221282031,98.00099924796535,460.7297436441655,96.42478727332937,282.3094278857388,87.9945685369633,45.18641900491283,220.93738529266048,630.8301515194797,242.10596560279208,72.86463254711784,889.511587430968,385.4248657309057,694.34966525689,564.5670118919857,379.73739012619865,463.48530204205554,874.6352637508134,289.36572581678996,423.8586537268787,254.10979278128244,193.8194248692865,836.0630090962004,914.3126796614581,836.3229479236817,161.70084262967345,298.4898115705682,807.557938687565,2
6850,648,6,872.603686877058,882.2335853341353,803.5948398956517,426.2436150341383,200.5667726384176,228.79387746437607,846.9380248477487,452.2340707601271,508.8435728868362,654.4574113751248,131.6515948552256,849.2602652980476,735.8593903754654,292.7635939893176,937.6293071028723,39.95045007047582,818.0696200347661,727.5773845140739,865.8430455235202,550.0462904801286,762.3064487305782,510.27291670457396,965.8914293378245,431.6815648779696,746.0714133064715,182.8710874591224,22.718726549226464,737.0368335853832,470.7725640604562,221.11752579682332,609.6429990737953,947.0073392659564,193.4688317351261,664.6506423554656,991.4657703900317,744.0193379769637,849.018211949537,238.58233919994353,293.1805882378183,528.2684878990053,389.4041669069873,981.9205849083131,986.2240064729318,80.18409514650371,116.0549175777601,751.9000597845047,374.86578424449203,918.9839724608223,990.2785730144168,290.47280512410754,153.92049557367937,444.944194755988,453.6850783177684,2
17334,574,6,178.06940899523926,555.9267309372533,844.9622993710619,901.0967771721214,284.928014954222,1.0001423007858223,241.47805500647667,8.43975901997207,556.639097633287,333.1229425186687,447.50246118535296,915.1348848150756,657.3038057761136,966.283886698669,368.6344740647339,745.307076820373,904.3187424979717,571.2892809490479,810.7697968408249,727.1358559323193,575.02005220052,320.1010332258217,969.5550568408252,732.097328766938,273.8802477464948,742.4078599255007,397.15874347954895,54.16920078368426,322.18327305759544,969.0463562689916,894.7934125443779,504.74655979875604,23.703269918392667,917.5600652780357,268.7906532632202,182.104873287085,416.9735815960991,144.67916922139977,559.1568986385457,201.21850799223296,197.172694845963,771.8515870567967,559.4514634589298,892.1324295851995,316.3510385408428,70.02287045544264,457.6694013158339,919.8004835445236,124.22308138192884,812.0922780021236,912.5109237081898,517.5898718609875,118.22248360372566,2
5071,819,6,121.88510687310684,81.76566209165625,251.0502478010801,584.9769599404251,782.3503811001506,656.340105913421,599.6194349896529,523.3985713161693,874.3942112230038,242.73748226071845,978.7561727702653,498.9232625800477,146.2762188688469,887.3596235933667,733.8234131864034,595.2694952678024,242.70886415294578,506.7408214485725,207.23503657274867,192.38385965656823,249.8474691968151,604.134324482634,163.2089914164162,247.43188844035745,141.3759064127289,497.9066989655823,549.9787770194376,365.5068592945202,192.96977710899,395.1558403988358,580.9206224697091,48.66104677577254,355.82762949460414,579.6861932952734,444.29283085313466,830.0549369708997,887.0465963516509,393.72663390004936,317.71473612746183,116.5529278280416,965.550729322024,691.2785230657688,474.98352122495027,530.4778924031002,708.1817131624036,502.9419979018677,678.5592956379909,229.49351319912347,308.84491582234074,500.94924993358893,887.8729998739552,148.3119535070191,774.9994331582243,2
2809,595,17,57.94164209183228,917.9833437275095,698.2729830924817,913.6014525032308,587.1384784668478,634.6848225679307,767.4948727683044,96.04479187366732,928.8647137558876,157.6291167295165,773.1715867048991,822.9726952485055,198.55864285924153,507.32503329831525,57.69377713585233,573.3804999414986,506.772538658097,987.2812741716442,547.0411792493364,269.0898918891987,856.4199388529848,608.3768680623347,50.10973356713389,129.81718000335997,794.845838285019,937.2450490272528,233.92982365650116,516.0737224725891,379.0077087239533,203.62202998303968,368.4110182812478,735.2896125902597,509.33288102615313,551.4326447097367,468.0794268701225,64.72485474380152,570.2868072040203,727.0960669684393,572.6318171604325,443.6892874698387,662.3299041128087,115.77380456706565,781.9827263532522,665.7589328222942,55.621548009583634,955.9654741212076,705.9981125126251,691.4495240784996,311.1958073815082,691.2703926274758,387.38260444973827,757.6138919591318,568.5067956762842,2
41927,769,17,804.8669174853519,698.0338786386768,120.13596350269317,300.2359407679045,396.73417081183084,809.3683085001134,388.562749023877,332.73073281646924,934.955089712143,481.99792064017987,760.7027033225841,575.1990290756584,627.2883325568488,585.7631770822437,291.56370865321446,565.0066313506138,445.99484406560066,855.4088084841858,101.76239784655105,493.03702593486986,345.67758979835736,211.6214671529174,529.3523540759667,610.950188382564,463.51160503330834,481.9436378891291,429.0676108666818,591.56017257254,901.8970198784992,312.5342462868774,203.83176440105078,763.0586728271156,819.5206755546396,922.2526477810299,219.84352659918548,880.8619540139941,592.060108537299,622.9446419378704,749.8655767386524,662.463349408024,348.57941963224846,914.285422086468,211.66434665859768,264.02246514670225,996.0101021488291,701.7241201088316,723.5021451219368,934.369640572409,275.0082270092853,626.8170093822457,297.2778935341899,997.4477331061381,163.8330088378328,2
61727,653,6,599.3932713564018,40.104324155196714,645.5907491715014,555.2535799042993,205.2572199144279,306.18633450616215,21.710240929353255,958.0535224844841,929.2807061046743,57.462815660749285,610.436849273118,993.7333210640992,986.8833462117983,97.71083012809146,734.4668327971339,57.94294381963183,999.147898954828,420.8602854895227,999.332513251912,776.6053514887474,523.4488305106598,378.9304857742215,901.0390556160904,128.43067340910176,32.723596083307996,312.75970044619226,850.6967193163282,383.661162154319,111.99932774930544,73.30858114114235,876.4768068746682,24.917412345287772,45.389068621233264,299.1866494140679,224.0155538117282,402.04328730370685,324.82553032382833,752.397807369174,155.05545026234145,489.52887814631185,58.753440735974216,515.8961750495189,885.130085707102,550.018429787301,211.51131826666193,196.07230819270794,79.39191071282448,95.99704616168236,306.82526431032665,896.989582833311,329.70005639373267,35.04428923626301,828.9067869340563,2
30317,123,6,889.9032733117954,195.97473990292403,606.9060622932091,502.34372304128414,158.33106763219084,838.3283136668572,975.3613761373088,867.0519330990217,737.7447491093401,617.7532918362832,859.826438918123,182.782251697156,495.6207126386346,852.9287332952279,144.0849002212926,984.8680307753476,170.86503034674948,278.3550756090284,795.6551880258941,248.165719673504,501.5619476426203,254.86674864795523,253.38194165262783,206.18850288603508,709.6808998791403,227.1520085687384,381.90086393927334,10.279270931655926,542.0331389828439,333.11844681860214,611.7487069354364,985.5785908082075,39.77284828126526,192.55485654198557,733.8383609554709,455.2514617878041,13.341583720013928,297.27638586388593,34.53858145838884,163.14618822292394,558.1753691736426,194.85600338006304,895.1660054639102,537.5343361897135,490.5464382233763,478.41578898974626,680.150055249813,622.0602716029051,968.9051078682174,355.291627379864,349.6233160535329,717.3214348106495,185.8987513830358,2
55919,592,6,114.21278872895913,114.70690433924801,603.0905363594829,338.62563800918633,436.9047161113855,610.26959676998,295.02556308517256,71.18729752246334,377.64367373622696,961.1440751168664,855.2866039748144,834.009342023048,365.7800859050606,238.83870623532144,448.98488056372867,873.2173211286572,786.7920314137999,401.20402961766,325.02174047849144,849.2734859998043,399.4645177692738,406.35582929859436,682.2792613841464,545.9302224021598,590.6372670896893,871.3173868006338,235.43470136431844,5.219191855483363,103.1604283316917,239.52219245998785,405.05527509484915,110.42555967939849,959.9099296965964,653.6427335134141,646.5541621080704,725.1481846230165,319.04499234404506,573.2585825564651,854.0784342686051,160.9266887178944,276.458051312357,629.274937612685,421.55260493628657,227.5118546923096,863.4352556667229,354.0298776159494,520.020312425472,298.7505635698365,124.2924671385025,421.97154988662953,767.9176758466846,509.68680525923673,801.8448978920932,2
65078,329,6,541.7588343708145,406.91109440970797,297.96922220053744,648.0864365745155,740.071545178821,842.1773874156996,118.06211440426473,772.1496527996948,859.7116175304941,749.614562801778,855.8537542316996,141.7430450906315,877.453062283235,781.536220336242,839.8451915592559,233.55552460423567,739.8584123518045,876.4290573009029,372.4824243033419,370.35766017366257,748.9432755508498,782.7702058544676,458.107841135846,355.3765016597911,791.3313663106602,193.16766597932588,37.753270480148316,238.28010023292023,443.3931155975009,191.77018332066964,229.26653440949173,670.2584120125531,167.21654703774703,446.2598315758791,157.98670306867092,318.94108617919835,817.135651613908,921.9727539697792,261.66726362126025,420.1966938740787,906.1612280054663,186.53339964559677,30.974094636118444,210.56154535160377,928.4788804199843,891.3069485004761,865.4908821202448,940.4278451674962,846.1309854798693,855.468100799421,466.99577248132675,129.18590486900848,477.13950800768936,2
29846,324,6,479.6826252529014,192.28208014596925,30.626209534029393,42.841783193456884,560.8874106858084,803.4563929827689,369.7275946963389,363.8904652937789,890.3797914937056,998.7936691450485,14.841807900334736,861.5624691977753,462.7807842323238,510.19641857387575,30.373384361324195,558.7461396652081,530.7892816815622,945.9308403483761,989.5377897994238,84.21391504480269,212.53574025883702,574.679298188536,384.4228690716971,778.4899252806647,534.4580346533065,289.68942338244494,439.50684689824914,125.30377646629331,403.9984481360276,33.70076753333273,745.5643489446159,836.7325456576098,763.5968094692798,491.6176300967934,975.2296021875277,741.323741979754,62.859910990715086,0.6737029571841635,657.3843413234302,573.1960923682258,760.4116183681277,286.72187971979355,157.88585279253942,169.73685187272625,939.6437144391457,249.39988132798896,785.12931077516,515.6225352374136,400.69184164962667,404.50216595024904,172.62161782267725,572.9054330596448,253.10978102271287,2
25435,719,6,589.0244607829484,302.305184462503,46.233005313086494,115.14835540047463,16.19433566842443,534.4863156402596,651.5240913196335,859.0457263816735,919.6326509124336,348.02914737350187,194.13435528334432,200.3929639090144,714.9938009342678,584.4675016200284,690.8671404646524,780.8598053941149,951.2517570839366,439.70459995802634,251.40781218216134,50.500772874141674,79.71739042967252,312.6719398355855,543.3329200920563,143.9281199720528,553.4455836137347,806.0344429822969,441.3415616018128,465.79892758976916,52.202504223002435,447.9036158450035,106.91600821236902,747.0154845702906,381.2666715481191,715.0503299920972,896.9083771334551,24.545056704560196,287.1113067926676,63.001240256783554,410.0229911980332,523.4253861829341,976.1127960775311,396.22110231262695,725.9134410942328,994.3246075522196,312.1028464120458,756.085494274024,430.17983499310606,165.60430652170422,985.3173251345489,617.1371596371555,787.0499361693812,380.67630718452307,293.5232441993127,2
29239,279,17,274.72612626633395,80.1650070970772,988.6987185730095,54.35309632048491,999.670026684725,204.74872680909152,8.45538089065878,603.5175760153496,960.1700546940484,397.57783274738756,506.4683382612787,951.9897158120272,341.85032860518504,494.73718102024566,930.129922021353,358.28191190229785,469.0621672051446,823.6288580133615,777.0310927708165,461.87003469417687,779.2601530800551,591.8522405752287,14.065661917453065,217.37627514292436,556.3863949874498,142.52786735108504,80.34861679596051,41.42364121047115,394.70062633126355,489.7516879765241,933.8618450013746,836.4628344350295,438.82753963282494,464.34842486532244,750.7938958310856,68.30902129166272,23.48830902351462,628.664932492079,89.76727120827832,180.18089157836914,167.42288323148568,555.4786930460062,800.5775375004683,854.6918282100713,385.22861342524305,800.736322299881,509.425552819745,876.7482318861732,51.271564212416635,475.3108582853864,978.2860461747905,894.0652122044856,948.4749087280528,2
55019,213,6,210.28558416680076,718.1725954985948,795.7777209299134,629.3743593406256,963.4008495598109,845.499876757693,560.529747278022,735.0830811360051,911.3527700196872,100.85112736036872,688.6191306287684,17.154822652266088,933.8622350183371,312.7456072702537,174.533491689272,839.6962926254135,835.3144563281147,149.46239379855587,437.703389196568,495.7549737202189,504.00234727481376,756.0430460272134,924.5038957590135,989.551852336424,310.2482777786365,563.5917090665864,129.30171815337766,559.7684500307829,647.8465342800044,552.3372697056168,648.2750845698436,241.26870299625824,812.0210811822309,4.566043009781029,407.7319851924494,339.21076070373266,134.9196321439986,167.34335246989573,752.6929995418434,424.42502054052875,570.9275263214231,479.8397671908993,247.92692043732023,393.046512348954,336.9806998526329,687.9578193723682,813.3941362413873,353.2035020938178,900.8236476089518,915.536706939125,505.514461985236,901.7618643422959,997.0745394017013,2
58461,507,17,556.8936631470244,684.2289597709595,988.9077534247717,137.54319249199497,956.62728645462,939.5776298371924,681.7474932537328,15.771599694516802,425.45441036332466,279.97570818315256,940.0161428649029,528.5003979132154,486.88211888424894,384.8764204958866,714.973698798215,616.5094680607957,205.28061060101766,107.44205005493512,692.9181482903577,515.0230377410699,114.76050603429888,887.7480708528883,166.39255674248267,945.0978580211663,798.747912305027,360.12859282431566,727.1477808547935,917.3098514781648,741.0633851423136,664.2081244059498,398.09702848503406,812.02914305354,901.7339305368214,27.111373482623936,838.9335983647549,123.59028409268258,382.1458851418543,371.4076226536508,674.0598632550106,108.77396925130999,492.10027174979166,815.6108528713066,519.022762372171,980.4288079608832,643.7035029470175,173.00588141995033,762.5563566502408,263.5793477821017,799.6065153802642,54.31519937884421,185.28525767403448,714.901390213146,900.4459430424415,2
24527,640,6,789.7198565367779,368.5603960657716,999.10307594209,172.85014523032294,220.39982835992146,138.9351358517984,522.2374395063073,386.9766143970358,634.4304048384529,989.3931085507305,315.63050002642115,250.24391909814258,530.4545165194584,211.94066158059022,290.7221148812038,559.1569932720419,457.5836331458858,826.5725208356002,453.70826517481356,581.0397257835817,433.8202979487956,219.13505552789601,337.57775711872415,884.284849201239,404.0404708726011,512.136952072633,641.7448305534182,123.11204211835236,589.713105790856,8.70243336384824,210.23434165037114,806.4290896216579,519.3791564407189,938.386493308435,360.8218780348551,327.3126117843248,750.8857057333549,196.44536944522096,957.7801362014299,80.89646527182958,310.0152268260807,567.2983854072817,988.0835592078511,687.7711908894084,470.85918073887177,621.2562174350013,275.8572488508512,540.06392222899,767.6356600165674,148.54723945611804,794.977260011772,428.8941179123096,227.6355422708226,2
23899,201,6,388.06743325704906,551.6623514581538,65.81065661158947,356.3666729907585,851.067927758842,127.7624796333755,604.2670267490306,553.20292136184,560.3754735376771,237.88816626435528,172.00637776516047,549.488533867617,276.61949991148185,169.98235613934554,269.2821554414608,48.34991490829299,972.3446272847594,43.34314951591389,96.35011336772992,14.248344706750181,764.2532248920926,796.2045249237549,438.90612552751054,951.3015299746704,671.4640808990443,608.2439158710333,992.8270224730475,179.2889952440334,359.0670575632755,81.64642308430936,43.137769554775,28.24745129618167,550.9480976535503,834.7876608115317,357.62024373160074,848.8083879897648,525.2209696821603,959.6082976316634,505.43415119401203,348.5296899619741,893.015750862444,324.9756768507549,708.7035166536682,735.0198127268056,326.55195108876546,255.42138280929893,523.7264454105381,886.511917917863,875.3143602223495,690.0179954326151,565.9729809537453,61.5598605019313,48.06423049447795,2
59426,962,17,873.6186729972753,155.19421034905122,504.3541596966099,897.2747626336447,888.6018686439203,343.5660804972718,441.1989057466841,349.47252584549136,284.7456009146062,562.2109121482121,194.9208152706743,958.7942684302507,318.56097019579954,470.36669652131826,325.48477581101577,77.27827008814091,625.0464458088242,761.284859284526,564.2248854215787,346.43269989561355,381.5572403200178,728.8891079374735,847.4509461189765,933.6095204910392,592.1977230480836,646.1483120446416,52.835171995481936,251.48147214412953,469.31109776767556,9.174806646621958,840.7815701041031,629.5236119992584,289.12450302863857,489.83393577014357,778.7943215763429,84.01806497588538,902.6436736243098,710.3224470586955,407.9675893805578,911.0306484163111,150.46459383810307,489.01482289536557,839.6210039692078,180.27153156330567,546.6962299227664,541.6256773087168,869.7591429661561,733.2788320044183,433.065067098239,14.540992173015521,962.2458539048843,833.5430769103674,866.9054299949537,2
45032,785,6,16.236153611498217,211.67652582768227,273.1769145216479,458.7419310310358,320.1973588584589,981.7573643808335,513.4886433774955,752.4554658081987,784.5083391337121,603.4388328696634,981.5587114421487,250.93657642070644,49.13242499698145,179.20368893339,985.594518880641,363.65568559789295,877.439638320846,306.0542334425547,295.5810286495068,536.8501347606225,236.12614826281884,983.9895828806323,114.04224616504844,608.6036351204955,801.0451014344188,465.070886125549,848.7435243654995,970.6203410309881,363.8039338453528,649.6851853491175,384.5596975675105,947.7713661215301,797.1495828358617,37.81051380324685,241.6844065642786,668.4389616842411,287.16120730233155,336.0512712290451,399.4106669722169,551.6650753720758,438.01197688773743,114.17438701750693,604.325660093467,94.97921613180415,800.6286701540513,160.93613764577995,33.91141552187293,480.3882662116391,891.1902850574854,19.910190535538774,278.8851860773168,788.8884239957999,314.3867715363363,2
21045,566,17,802.4544122640607,853.6484425615973,810.1697137830811,206.69970173937492,442.21934394525243,969.1893396551312,284.1146036101091,37.86601488713215,307.06520890564747,775.786300905829,681.5591593065765,870.5031980187367,543.5932820764649,443.18194855241666,771.6686835921909,923.0464511007484,721.7772703183805,626.8451793406172,496.3576130850493,111.0585406544915,980.7717577667916,815.0404157168954,715.3130301364357,683.9666275958097,391.68701821761,283.3915062577319,20.503369207808376,298.35618990120247,474.9575748849297,259.904965059457,411.33597620555605,352.08474443631786,180.3359231655426,859.1073165186956,269.7496769445222,119.38461664406286,253.5576061718051,578.7653007298056,312.4356042476083,504.0328616578189,278.25779919715944,103.10476665301948,760.4094786321748,726.3860149915809,68.31364662574646,766.9467083388122,221.79184444349332,355.56879616260795,255.06624032982828,854.0782943573644,532.5261281634307,212.41732757537568,181.03426195815675,2
9630,670,6,876.422962509882,985.1107071316794,386.49496530103124,328.3154001961236,560.1282656865187,457.18866893044407,114.28040477956547,921.3930727704427,234.07722579216582,992.4302632226927,384.8384818797903,649.5568316750603,55.622437054524966,777.7840544926321,365.1607067005077,168.02210531974572,476.46229941074955,224.32250793693066,357.01579472834567,898.2283224744797,401.2875646275731,793.3426591472983,634.1196813822638,980.4218818579349,117.87090253440103,941.9014540755959,609.4511764038699,190.836538044563,558.5114570826044,637.6436379790655,375.78577813799217,465.51609806327707,915.6881609734004,192.41865200539587,419.836620554779,458.8904761942266,223.63077097212448,669.532051603498,405.9447088714747,272.28132810139726,755.0487556308119,63.096988523409834,137.51432845028577,91.54512491911582,740.4737516808054,747.5776317364113,224.0712958853215,528.7077723047925,358.45805834219703,360.4974365662169,309.2433489293794,114.58902427387973,845.0091196129538,2
61518,245,17,781.71557498541,437.8328571452275,100.83298650221894,868.0314770501736,923.298865161869,988.318169021985,37.05756394648452,60.76943866505058,867.8968870512471,266.76964397722924,449.9494746447554,65.22455272613958,850.1199435964569,602.3030255569398,397.38391557844386,687.3754323614714,96.67755586947257,534.8892906124682,449.85794769178676,136.91097915658312,319.04722780935776,532.5723220869934,598.3806370700186,603.16134773406,523.2612595713184,445.66698075499346,111.72939015680782,88.65432255449468,332.65550314378123,513.2850246945515,571.4106591614254,457.8084456950131,758.3756251600456,44.329954146598794,602.0263001837392,628.1974829110276,509.0611443593661,917.538787246504,645.8107428995937,127.46602878966873,604.4397879945922,136.01713825854077,658.0309791032303,834.924701677971,853.3760903749569,745.9722217921776,29.85816040891198,828.9926951630453,760.6415481643904,591.624756685615,405.04076176448314,81.21870813151399,772.4569998718738,2
34016,162,17,172.95457139600578,316.5696688694959,229.095137567227,916.8098829753233,679.9421090191818,152.54145313019652,580.7682307283258,511.10852488208235,540.9351044507151,218.09931637412973,236.12533094273314,867.7775600867545,810.4174523431769,560.1800292741597,126.33836061613724,862.0697129260468,340.92635753320934,686.9945925745957,319.46091272498967,456.641347541481,749.5746759325675,476.15413927518256,931.5565198969261,382.54850681211974,961.0245677467378,632.9526770373448,219.5337355141308,611.7100384085909,116.76876319890906,382.9091846839535,182.71983904394784,817.9316524470127,879.5449513675793,40.6156375472172,256.43729279148255,622.5374091595561,655.6015501252988,683.5347411812463,350.5064747082744,976.8942680995809,173.75885358901976,867.1645117102069,533.763808163189,464.91566383912044,310.19683634589944,439.0558945515216,310.4044386362105,581.7045958529333,768.8765539986306,938.6143262764256,89.67511556335272,327.1183600538,960.3124684284865,2
4119,160,17,632.3534978914684,933.7288975593475,820.7055315955589,115.81162985978155,903.0879811641198,242.4289126181377,249.01854556680624,441.4888395230847,933.429523051052,158.09587728341245,866.1919038531873,273.5171420728272,256.3241670113748,751.5715484832726,50.018758855372994,498.7103418652854,368.22824204295466,353.95872340859466,827.6266102898226,745.7410972885475,819.9069281974463,880.8757897554615,557.3525279923833,593.7117029966397,341.17119192331137,575.3584940917619,270.80526129961066,820.3731776359546,50.784127237909814,276.28435669345873,943.9229868520994,609.5709928107144,848.1729784913742,546.8122741303432,699.8347914160869,457.1661002723244,414.7067076160398,763.0726823568549,959.8151008886595,683.3443759624665,401.6216706393645,643.4615168283302,376.82919215521594,719.0828159343961,681.7606766891955,833.9971831973522,786.1489086706367,373.1747557813566,374.3712631375,534.578881724175,951.598457022224,424.9346898482691,54.42963302764847,2
53042,985,6,617.5326450666882,104.82455820397996,901.8441087811409,492.36507005424045,681.7703410137082,879.4896766134887,489.776757278101,812.8729826944971,68.3320697281924,175.0802046262906,332.7408884880623,536.2935976451628,558.0535881868325,222.79872064263273,170.20453565334213,458.88863200571495,64.43482260304579,873.6519915817189,77.56111727737947,259.6317519914223,832.2166398494269,897.0792267692428,72.00124405629427,772.0612636014101,283.8069765079571,503.4451816330885,294.7598374767749,915.0598448528261,178.52760436134963,635.3962708140443,392.53760240725387,587.3752440189173,425.7192754786462,140.00422370185794,997.5847201350082,611.536116012583,169.18272073290075,108.96196170438444,873.8326497519495,732.3980964019274,920.5580732996893,650.4661945241398,414.8212996883419,3.719198087268616,868.0611635537149,827.2634955800829,846.2396915351119,561.5383052999405,833.1837020281962,598.3982888696478,495.12861159885546,29.020995029892973,197.96728102306983,2
10863,815,17,518.4457044848482,374.1094391884556,799.3018451725865,906.4667449818902,247.9512685625944,994.9361965393467,993.0089631804598,96.89344455088467,957.3595295496499,671.7587273914158,78.45430058349866,521.8388662502341,228.31392569949972,492.03373024559835,963.2093797472626,891.8509116863349,477.8051096134972,770.2264931163301,569.6658802112659,884.3296254362516,427.79851379989475,33.29661797913352,749.6178087008217,792.5766189289612,251.58965932482437,503.70554783617496,940.9273803709427,913.562189598266,445.215715210088,502.5529805458637,402.2373304252248,575.2582499681489,333.5445837987251,131.27397287448306,785.687406928601,127.79638369068658,816.425612740042,290.21945148506387,945.9901286387463,985.5533993985332,720.5101458534562,100.31321590252851,244.725705564127,150.85360380642365,253.47572747405965,487.35109534700905,6.744996693510807,955.8597151674235,384.1715687933811,363.7396247372342,554.1048663135998,877.8747678487535,634.9911270281705,3
54751,236,17,531.0193695894804,734.9987956698252,690.0711824859632,704.3033718670218,855.8332734582526,267.98175933666323,138.20355732607337,716.3835517401773,581.0074244204482,765.1169324141102,560.5245121354934,873.3121416225232,865.775021701077,444.40349111881517,223.98235210318717,751.3061284268011,652.1695287938442,320.12164874748686,298.5901457159261,8.27671967845589,972.3717430398102,333.68329292619137,509.4805617434569,509.97110099809294,915.736802185656,533.9972965235316,740.2748755442684,84.56257824479951,339.7806173100264,261.15554219694604,918.2882411761126,407.38546763626283,233.94214847591056,829.6425358638795,668.0452565892997,225.32279775656983,708.1218501965058,288.68814436752234,514.6926754570673,898.7468130587839,462.89830651631047,122.39442884410701,6.5519837182078655,689.6394002224309,520.1643571065877,665.6725687510772,589.6290205315498,133.94485792521306,756.511654736122,498.1254500068445,686.8281205082108,760.6450385593071,570.4395449876283,3
56543,640,6,799.887082087422,586.5661887887117,547.3712945850917,410.3207150157319,766.0252206894598,814.9272133283363,200.213849817952,861.8556060512619,347.9591704158648,545.4753989841045,677.9078682459979,945.5135686524743,605.8129943429117,273.63020908926507,508.2324251744924,212.21072097835568,638.9562063607927,123.61511961816518,666.4627047115287,410.15085139601405,442.87694957876687,5.476107705491118,609.5050753828385,33.185675063418074,394.09883286147243,450.2243334468098,323.2325304294402,587.4072245058729,448.0709751702279,458.4847843397718,391.98710572041506,732.6758220263044,176.22075261427418,285.4337436881954,844.8540644219697,475.18192538946215,51.79288065932952,219.91761553885692,609.4575081435721,699.6513172331049,626.4542528543977,628.8127025203809,980.2055652652002,29.461460406941086,793.2658002632909,162.16824964605257,370.18821416206373,475.5920269875074,929.7400257595873,740.4463594410178,848.9637458700968,115.51438814609949,66.76948568640562,3
25478,675,6,695.9364759677009,291.3843451428333,747.5384895205017,367.49752866312366,68.95765633809248,282.2503763373898,896.3694457718804,331.33690345406643,604.9362907448478,180.7566720733028,224.63622861166965,659.4948131177567,656.3421665191703,17.52293702923946,536.6287958662477,363.8438536332749,569.4426517636414,359.17201546278164,514.0241656560996,324.0647335077978,565.623031123926,135.0066990821813,234.33067626845207,681.6160776289806,88.57458419189845,706.6505492298336,673.4275063506765,693.707687074291,151.9710181151609,791.9629919312367,51.25868380420773,933.6691003220033,698.1746466616406,995.8245082502481,496.6129550352102,459.2358760514217,406.65729814161944,469.87893057965005,611.4990742495651,597.5885021800342,595.049098381794,539.79893124953,361.72386548075144,691.2014673336274,448.1634222539401,0.42913019774148964,931.4260585332084,442.726317323252,440.9015343035911,568.5701843526211,35.684846600618215,779.3424992239118,185.5659845167442,3
62630,651,6,399.5615446458217,594.6813541103218,580.2766956634315,741.2013974129266,459.95629031868134,459.8477749289367,523.8044824311646,379.78794686121086,508.11870610030616,478.2494630982382,354.1935598866662,619.7546389125271,414.82020394135344,955.0017175290919,158.78319957266962,80.09256853471247,203.5160249224729,730.3182252651179,44.16024010665398,903.4175571199023,259.68185934283196,58.769373265529445,61.33749030640967,920.2600652186827,600.1419024780622,684.0996759931062,389.3403267167249,623.8729056899375,237.50654805221893,808.5390531329158,916.8386175244434,905.2844481633219,983.3028317799525,51.24189746554097,251.20039039550755,662.0245876912305,139.96085342644415,850.00369730339,545.1582266165836,855.9746925652078,690.5974320388382,352.8609801300894,985.7790129276418,394.88207724715505,241.3182788533701,191.26246990801587,390.027531274585,532.0221076593913,978.0653283940431,531.5942136183997,660.6868282929885,418.29155246827656,99.29978770387093,3
17095,295,6,845.0745251928078,977.4814248176139,616.2609522829331,953.8793615630882,223.63614946498288,128.39989952657095,1.7414063881077135,743.3835524683788,419.90269510632186,821.02942562079,478.40558579473156,633.3653847416656,46.51264578034553,294.93000931158684,894.9777182932,494.80914742898597,712.4485926343392,20.348968807446855,739.0215254424533,134.75039772251242,983.348544915609,302.2438096841302,248.46352422703032,632.6278946230633,317.0290239639758,609.4674749419896,70.24786366462344,912.7156378127488,709.8516685240726,589.5927018940388,162.6405108989666,676.7587335840674,336.5864260420204,925.0472592725034,364.49332689352866,393.8770180289729,124.98110369380522,978.301722940657,614.3457546596413,309.01925275790063,958.6765857940442,981.021702861665,12.733537463609167,119.46449467272214,131.40724966644,903.1557997870443,426.9722859311874,811.5437887538897,487.5681806041071,443.5485388537335,921.6009991625176,215.88549223661934,65.53687881800263,3
28846,163,17,462.5176801259463,161.56490924965982,935.4995116650941,112.24541298854606,350.62593826623157,701.6838732938107,700.204193300543,298.2255882387984,978.0377634632682,400.1669455974302,279.5117213728837,509.2143941943207,184.7463436650739,423.725166205952,570.3869506691951,272.32661325293174,428.46166347906853,533.2618298923829,346.8621315994953,846.6005933269512,73.79194868716299,353.09524923688815,34.079510296962326,807.0312230187257,340.58021050122335,91.81778582177802,803.2947057018321,414.64362902725236,191.3886258228966,485.48989246319985,750.374635965369,926.9805678514273,614.0092888685488,453.4617465769436,139.4321815307723,901.6831474032059,45.85381979463998,59.873562927265425,131.63420601262243,370.0596011937527,259.7659640530812,932.6495487468455,112.00113446471127,995.3414938659087,405.4010219192555,584.3286352266375,689.1459070442396,724.8790946494609,385.2263336642506,495.28333477332785,352.236184169598,84.67419482179727,430.88009469334986,3
62142,353,17,983.8183552263454,824.0019348674847,943.2140435923585,673.6821097939395,258.1053157884813,562.5456674477941,12.955126634471291,584.2431839013316,502.17394753170265,552.8302137787176,198.1138842007878,25.39731448561311,215.59006314652197,602.9574455486551,22.488491196861027,144.5255789773944,876.7107389988169,525.3207811958683,414.1424042663321,598.166160624247,96.30447196255987,302.2662586176753,726.6251691274123,229.91909121961862,313.41552772223315,573.3188928981192,56.11823683695116,95.94581351196896,405.3733157388361,477.159035026122,955.2245493446895,929.2864484820435,941.3382038848721,852.007003086889,486.3059133051417,9.958782375035447,967.1248047446594,116.77361666006803,89.49011662244355,701.6146590077625,400.89750137587174,801.2279847196621,269.6670498706605,246.485005695533,591.7320224554823,270.12746694131937,367.0774909573054,651.6173456754641,506.7269445294887,476.8324720533431,700.2247942925845,777.7038535007197,905.519581733623,3
47457,523,6,671.0281086574738,893.72401501437,194.84387478168208,91.95207509388226,129.60464832484286,226.42231492401422,898.9603036745442,445.66292997303356,85.1069687306636,525.2295077835487,361.25640306967244,853.9331027755403,371.75582534872996,901.6804318022324,821.1699237532847,478.23209436800664,596.199225334661,600.4422665731203,529.7407055746414,909.6294391508397,337.7110140183338,11.973796408191074,825.5718862977429,642.4992137843349,853.7652570485534,201.96794986894085,687.3318491777194,100.76831900517324,889.289130843078,245.46948919830336,91.52696006293381,653.027437313441,491.479161798306,959.3452853972843,830.3183520671517,155.41330528031972,261.95024079883,262.4230976604138,297.1099293015559,412.1913922878353,422.4695847784664,636.9212049148813,354.8001360941808,305.18870601846714,663.0776154378218,678.9390626437139,976.749175543626,4.407727621684843,526.4584455744656,352.01132281472655,103.96053388585946,54.37303677382266,768.009475846923,3
36375,764,17,817.7510440910341,74.57988686493655,207.74817970595006,548.6355643889975,27.8838192031754,523.8039876957042,355.4802401260564,699.0386528547258,716.2230078568367,614.6615281039698,21.506973688505624,375.5535440655935,180.6710295406305,596.6165547351405,239.25791583970025,138.08257177007,823.8364212801675,970.0364852709853,320.96373185829555,914.373250613772,251.06289653592495,150.9681124732447,9.189753724039962,716.3469961047703,501.60098869633805,272.5443572707833,326.64291147387934,282.4169993754643,760.1442239559483,535.593575618502,607.910590761041,68.90204565469548,137.80838537753604,487.0915537504762,225.26595227275402,208.73968031706892,884.1133490565306,761.4332456778424,292.9148637310404,840.2484331410056,381.71211291403097,192.11598454792522,475.54628773710596,559.0488333911666,395.98836382169753,826.8632085481265,337.40522126636216,739.834101859632,315.6579754381811,302.68119669671603,322.9951853771536,605.4985254555651,894.6648869899044,3
32090,214,6,271.3378277483723,273.9633718457413,724.1516794581202,608.9391186373684,665.6851540265418,282.2994843724037,659.6112358764245,660.8816458336241,925.6154298128889,586.814847367589,560.2179949654502,878.8108603843938,13.401679837905522,292.2424569714226,261.47350603089956,90.16077103322861,946.9416583231945,606.2267701511236,926.4911847224613,65.3986661908027,835.8288770479778,330.4493605023071,228.83175273349553,400.36777223407336,788.5587289892711,368.2980565905621,949.1738731742133,32.09677516106091,555.2625968888033,207.54347070978497,469.2799933205881,972.1212700592384,14.601656053433999,604.134204675805,178.96525531667095,998.1031610912097,869.3948612593459,203.13271535790656,866.5294086385779,921.774509049067,745.8574374261791,23.862799521010558,568.8293275756828,709.0892491925125,488.94135260509455,308.1580293236632,955.2810506617473,78.9481079971891,433.8143142380536,864.7004259652281,114.94746620120667,788.4037320087672,517.3074715281442,3
32215,788,6,10.590564254529312,873.7485330152814,854.7567049069881,12.004098078764569,434.80618388477296,202.82484429444082,721.0485598378928,410.9056646746839,943.8102065986019,787.5056326880149,547.3106350988264,944.0718611150749,498.8053340135752,529.7075151965365,110.46392878253897,880.531931328636,267.89511779592647,496.00051334809723,8.219476418623529,969.9226321935979,16.275931152685775,734.00954435558,422.8688445685317,643.1187095048125,433.0286732967775,58.348288049315244,293.06471208325956,558.4037960713482,132.48763936241082,668.4362067757636,401.639174732015,367.3910853209377,120.88084219363925,79.26480236469102,673.8807417623115,79.91779029164681,567.1367120300242,753.4501387210204,758.9718641874939,403.1691029351051,234.22931299059013,956.1888174724061,108.27870737542355,160.29090241553502,394.4268392767135,380.6978674999051,24.710247614099234,162.4816809361802,940.3683550878084,286.2332021443862,203.90016813744361,339.73302128096816,750.6578098813807,3
25615,1010,6,292.39098667398724,348.09280580351276,81.25652079003697,359.73887096190504,272.0879556783026,756.8044246076483,877.9425996201827,865.0335621318069,274.8912433730174,489.2314685535717,713.8319607245307,882.1912470768933,36.111010079831864,618.2450306697067,831.5377281451078,417.0226227228239,529.3842671583651,778.641770781732,799.4884238240104,141.42168468949734,762.623165227793,488.1671647481919,876.1908690603068,310.7413562803868,182.8364239973419,87.57554679090195,750.5572718080746,142.027760080623,711.8556923225808,831.3787500552514,566.3940928694212,258.44725826203853,887.973313090131,484.1688728185172,509.8400669995299,857.3997709438926,653.0301100293707,923.6968541723819,807.2704466766496,85.1695602317315,850.2961022890081,312.7011839526429,288.8098775534443,864.2328912428736,95.25527627339403,500.52154780188306,739.5512309055331,796.185879069481,402.8726179554204,404.7737813730415,893.7558840076246,798.4247514221629,668.4921642642973,3
36337,840,6,962.484984085105,695.6525479691538,433.5321808039766,455.51563313696585,951.2347169101464,479.32133802043944,573.9207033359444,130.85663828956885,745.2318733511476,556.1079998387083,443.2757763025688,77.29708140445656,280.24548725045537,145.64681176213568,590.8371385725444,433.3320228292989,500.2091318538362,426.5529341737929,663.5745507093716,773.7885717291911,265.7281571009599,315.693783561393,493.7719317961613,817.0814011392624,679.3961592874671,24.305443697002936,577.207538823511,443.11303288836433,650.5463372724472,531.1205019051015,140.25905791225236,599.2994231515213,169.93137205097952,486.44704919894957,858.4534054126424,877.5624450497894,507.8449810580742,8.134519654650173,218.36589492687486,737.5660592148445,316.8844976821101,67.83114767123433,955.3710136912813,347.0860144546326,749.4577083176642,915.4022946644545,234.5701357492569,795.8226859401303,91.90640961763086,350.2390897603672,419.662665613306,951.2807945717244,695.8434479854976,3
27054,634,6,846.1253106452948,67.49725186402567,193.8281462439396,572.07933064775,532.0912712857573,877.2450137602995,347.02129862260546,375.89485532359015,665.2451824761152,869.5255112987728,91.21587104069052,417.4129857097326,122.98392563311211,808.4679354035482,344.3329383859339,652.4215012212642,344.65879041602744,745.3539186345229,35.42315928321693,68.75363513005883,489.7473014464454,497.964397701529,945.9360568481925,668.0832234738283,175.03722107906606,526.0593431736229,607.6639290671326,226.72980391182483,652.8374000488071,160.60353713310448,324.52733413350353,81.8949055620939,629.9212689270959,296.6738525557101,121.23078691959677,257.180845323871,868.3759431689784,92.0110226262304,479.2678016478762,21.32550338351191,897.366575001213,934.0410391501298,157.36635528276577,400.37537357776944,770.8155716897651,90.9953243397259,661.5649333608503,330.70951376462443,263.5828541122925,294.9963452619085,249.30912519052862,270.3317004959427,200.50883525362428,3
42815,859,6,974.9469977311439,374.0736915575311,703.077016477973,938.6859547428513,352.0641613473093,526.2982621281851,464.02998697551334,842.5487835155565,137.71271403888042,338.9628313259002,251.2273150531026,150.31194468937136,354.28797147171565,463.64407536070485,251.0181739378271,463.1667905768128,49.70380061011615,120.7472707129219,793.3533313093739,842.0575453577158,775.1308303836857,744.7318525348772,462.3014285558732,813.4867447757149,605.8166271106019,373.61442355009655,46.841451622395056,53.60034918513779,738.4940859892316,53.359697031065025,959.4472064008052,763.1130382215464,955.414319500087,6.582667815886012,651.9302231789266,582.0737544311033,781.0178510931361,662.8542746226362,34.48715692531235,789.7219216256561,863.0777842375007,531.228423599461,421.129487440843,427.39098549626794,806.646977657861,627.2074923683463,562.3860854967298,399.4592807425619,92.41866248262343,788.4917939541268,13.672801111473287,139.2939251381152,408.1042301331036,3
4497,764,6,496.5634514284306,182.03314433273033,570.4565171171721,93.78435178206823,50.71791877284648,22.269951439692793,536.6279060887335,526.3870778885132,992.7927234767752,384.53236057328087,204.4020401968689,628.9950483124915,664.8066121039196,858.4361235406357,871.1958944024259,250.97333907449715,344.12727992922777,126.08666890987008,972.3432505978858,919.8006244642859,776.3671190991942,511.13750952871095,406.82753345348135,769.5742695832222,532.1180738302176,436.8358094812237,113.8291844751329,717.4243620827114,936.6622360388068,707.2938984503597,861.6640652511988,219.01381511345042,208.52001427203172,668.0079844406216,542.2081328523577,581.0274571290894,220.82237170372377,154.73043573714307,946.1941530837411,869.503583932378,959.3812267878334,892.1750228901411,632.2042198016599,255.017253842307,763.2370572505893,944.3790809756117,317.704405565712,212.04016295489748,521.097816528757,505.32137464166317,322.5741945193528,53.04168410093213,841.1991425989636,3
50328,722,6,919.4832097594737,938.5651094251266,412.1979501501204,144.55962972698066,618.4882714974494,602.2969225828215,615.0871425851157,605.1763599877096,328.2452066665483,263.12864824929426,102.99852116881947,332.5052106173789,290.01423018744276,894.7750033663917,127.29779045983514,963.4348969558501,30.87755596627928,838.921835750222,282.6145739279152,12.421027957382535,365.84742436829475,477.29316907915353,194.89893374431756,151.27887034455867,810.2984030415423,756.1645213221456,213.0670290021438,94.14826063705151,741.0639614841089,940.751150069826,708.8289506382578,847.762727221236,316.0550119020238,608.2591021488741,611.3544141105283,517.2154246844854,397.8592590149248,288.53485465298456,411.18811991289726,590.0783893293126,420.06885495802084,502.98862727432095,879.380016116456,84.97335975235576,493.05921319032296,829.5354018776428,116.30225180381115,433.0330651705511,306.38230964423786,848.5146151369511,931.0160289083263,310.67542412503104,870.4225266793742,3
25835,552,6,791.0386399589044,482.86410800105415,541.6412709382253,176.35646016033658,850.1803463754204,402.75099961776914,472.2751495186736,151.9159642708916,828.6830661343839,839.3771136438655,329.45511000069195,719.539192622781,924.4024309307442,752.6032417440291,745.711872128105,198.47151581973077,346.05795924211037,577.9536929332681,953.0741589293162,381.2734597068037,745.9613011693011,261.75068900399657,254.97385038078934,220.54457822564066,92.07290879695084,161.96667235946327,666.3705785560646,240.04476366004056,849.6873114448288,763.3343597287502,776.3848768535336,401.5491146473046,218.98623790809978,154.22370651001881,930.0389692954817,254.09531653317418,740.3313178273264,619.1557119124676,792.3229809229831,988.4154413550101,295.92071225218575,321.44133903064574,176.34945214952435,657.1810445346703,329.19492722205024,19.05266068469702,220.47685914344072,116.75993552011721,886.3302711929961,217.18932807070223,497.09076269254916,849.262077033929,9.098562464348149,3
17071,710,17,380.639007765007,640.1527193302136,68.93193290155774,252.39109779098567,231.58988900048882,84.85729420966403,880.3864814074637,212.8470222972274,619.0351733336735,533.2705111731779,958.2182997599327,473.1165497231096,792.6817321999018,300.7651309281435,91.72659348668245,33.016336030607604,106.74351662729265,694.2825760715485,98.86790971463132,567.8894316801061,958.0725630477164,31.611252509896936,507.4564419884441,129.41529268490515,934.4823251920909,70.43544487979703,423.51997532879716,533.4372469732842,737.2969792171392,215.5857492896035,71.71347700101171,706.2653632308726,808.401218441934,274.39490083518837,219.80155479370467,486.0618995584888,12.579751548313812,817.1730768400422,609.6001052543647,230.38674498256518,761.4102878897337,838.7178575427561,816.7670448549782,127.55068135847625,413.4501759240856,358.46044296473343,448.79658995420493,548.4512281268538,893.4694904333044,717.1017179331282,526.9354258452933,210.75784115726094,770.3843858295118,3
46829,585,6,734.3086901602846,956.8206328410697,331.3684174191971,304.60396949467315,414.5100909311635,88.50587737878391,357.2614400884985,495.29963707275084,508.71902681474614,357.48905808766926,27.147794390449455,789.224227292018,457.1232769137984,171.03538006289997,384.33069328837365,757.2491860774074,466.17723636513995,7.947431188670917,418.25212614125917,109.51188522164756,668.409437120129,424.1656997447781,644.6828669233538,454.32942336313107,612.7432629730931,155.16039377444412,446.90616028711185,664.8222336828478,464.714980281954,772.3265990406868,399.8301616361233,85.41172795585351,656.2676412427395,976.9572531328649,298.6007702078578,100.49701721881877,400.4229466632199,531.9358201164697,756.376813476496,945.0104068439025,835.9722682706112,575.6591371098226,508.98275139851745,241.04835177429462,168.27779271112897,591.0662848504757,842.5550700455029,870.317599141604,64.47329590424467,378.7321663530343,586.6932451136183,510.37980324907215,263.00926282437433,3
31293,872,17,857.3800903130559,528.4541313534028,643.2375724491319,708.7148719816774,664.0469769794612,595.4129282897281,563.8171870080095,955.7303993285817,826.5984657533473,633.5955549273958,148.1068804510489,835.0143034450887,58.25283778778512,225.65269249876042,571.8586749998332,797.7704584289918,389.21566822754204,577.4076865122688,717.1894619335586,704.3905975401169,452.09502133977753,901.2566241078953,356.30107974577305,579.5296033559073,269.4220535662646,297.98252597837325,229.6767480926948,64.69763874202106,304.7550597544613,435.28580118772965,273.04652327182043,878.6234391657119,960.9260558562007,667.5496130759441,531.5769181172988,555.0644919726958,191.69411230770316,871.3887513710795,810.7567600406609,865.1291797011293,497.8277145623263,981.8150941002582,544.5919678741946,576.9500352936097,788.4331516948592,861.4113803930434,167.6455300527625,495.6766617225413,729.1372129122693,939.0695072943547,255.65708781032492,16.88371864386806,619.6969314130955,3
51843,69,6,935.7099815437134,14.229369020996586,452.1644490085418,54.16508019037247,779.3932652885411,410.2639512615338,111.49092095960023,174.06384656132178,707.3351306370594,163.32366483210814,842.4852285035532,768.9104047497527,121.7219522014189,193.5053530996097,636.1408753216989,572.4839418683033,509.120132194778,842.2407637093057,659.2632848408161,725.5110560395252,362.94865415843526,562.364984628322,224.83665844946864,996.3489077028573,33.57307755010053,680.754756417383,770.9951820037872,231.89981545516548,953.1092109700076,226.58103071098355,477.49734274520495,935.2721209874993,907.965563790945,208.86260509789213,904.8096909019467,174.31596184473975,283.9137148131806,424.18359489904145,760.6313441607108,881.1629296723303,143.73674331077035,133.44620190407008,215.44015190587285,226.0845152478168,142.62805838707294,827.3238550920161,17.514092596235486,486.77585772122177,472.4987119852845,857.0180040470693,549.3092000713434,433.77755677025175,918.0473176190496,3
11545,211,6,335.1390970927998,150.8711932621746,932.4713444858908,469.3856489216781,330.85506604128125,646.45769432604,354.1880857514743,602.1323707363172,635.3506508773561,154.56238016471292,403.1601101695732,638.5516565397645,961.1311671113567,37.624297936638015,4.44767339738128,22.81218162383436,878.4196448573591,69.4463865829652,111.79215017129619,376.46872935945896,706.4211111183423,587.7143799484593,924.3729310502416,192.6961318717001,561.3560052795325,621.087777585982,140.34799575864042,448.14760318455336,152.7632189023961,132.77445176420065,262.32276155386455,206.76131154929178,684.0433815795348,477.0478313531925,807.5919826832333,259.37899395442463,816.8046909586692,29.36170934285931,561.5865613090125,988.0276961178809,989.9543690210751,332.3595814874116,898.606110364211,246.21392436853395,811.0259378676795,327.95962901815045,265.8073462243082,840.9902578314518,175.39227028584205,823.3876077752172,243.79168516324302,569.8988924192296,148.90396421939235,3
23355,38,17,405.1626729860673,443.15050690325273,730.3796573018622,62.094204573621695,583.621525069759,512.8898529060154,665.0513268472617,523.6460375878087,693.5696834774451,570.8905358367017,765.6437542585496,652.9416383263153,382.05019174222497,181.2312028468648,197.07445629734121,128.61340656821397,96.77126198814123,24.199146347556155,260.89161088505284,677.9022531814912,992.9145666608139,522.6628478782604,181.18469227299727,732.4330036679967,588.142358212623,100.17228839166681,111.99093904829127,956.8047455160297,806.7881607811916,748.3309765257331,18.948753681418573,384.48928302306894,291.57767448667096,600.34561276279,854.8404286203003,371.42810133254454,684.0252244042329,727.1031668390259,125.31769797709835,397.6062134366259,295.61778587810414,476.9497942052626,867.689653056083,247.347066043054,990.8527001732967,351.17833257212925,963.4967733593492,170.58721889682337,644.0533896508407,656.4672941496534,638.5797628815186,412.3516303814595,490.8403907057015,3
40028,37,6,160.76161668218057,576.7312413192001,292.4164417381222,16.110571817958718,530.950365149873,406.20842015725646,285.53239117601237,624.0174713703612,9.143443476215985,326.8622652879829,75.41923558124265,177.1634674612954,392.9781793478813,997.9737069494324,922.9037706965828,142.80449736691259,994.063693485374,196.40739736167478,521.2261598396921,510.6599316273688,325.424674738145,189.66001504778117,540.4233569785474,566.63822467262,75.4999034739382,218.53483727484135,660.154752458115,846.5129957168514,565.3388368839682,852.1876274118056,379.98944362834686,400.98022543648847,906.7329282403169,613.5556583165545,205.35407385804206,116.9570054108513,805.6103341187643,266.97842591448506,45.8986224345822,516.7852682896034,411.6221583219448,830.9724966968422,547.3922387442,534.8022580539024,85.09651220578063,581.6530469012928,672.013402122752,108.12599822316726,485.9959765405371,915.1834994882161,786.6842265744937,153.12099814250246,130.8037809656325,3
10742,308,6,351.01175066061097,285.07913979866595,165.68572054984742,113.34995398022573,179.67095545759048,82.35005571661979,594.5094792519336,197.8461833171893,729.6432843779493,672.7676656211594,1.4441840637756664,91.55020766410527,998.7448269111859,860.8573353784143,575.5129643686244,910.9049201889874,158.87218058208342,707.7755167050087,935.9795615136654,927.9339190383458,987.0018516359007,709.9673157319297,531.7080283863085,274.4253505901998,489.8314466218855,507.52334180571455,66.2458279589806,773.7735973196441,259.1609808225961,733.5815116448156,634.4089655015473,468.7761129936224,871.7768652895163,828.0503572953021,372.6265480992479,406.6357401694622,814.3620021571762,92.27966295898449,439.09335310622566,823.9746619502812,790.6913394461883,899.4610665583997,66.9412262878164,615.8636313481875,212.7624513729356,827.8068384450469,585.8246858601144,734.3062576504612,362.9380916229878,923.8811808479569,386.2647489393636,516.6948125814897,428.6090817821139,3
8148,296,6,670.1108372385778,778.0419078176725,846.9287749073692,354.97028729628965,694.146126802316,261.7547488904303,724.9912202644601,39.73412190552994,509.2459358555643,589.3858655107988,534.98532160937,931.5403955625062,746.9843320883182,853.2969801156988,395.5903274041812,17.55629731016606,642.4751509735798,437.06994549413923,376.63292658705706,211.9507265914079,895.2398346242942,389.0127125138313,740.611341148723,85.9167046112701,549.9190791696709,245.4994128435626,848.2617784317833,163.7173139904957,706.0964721695962,888.3127992769925,53.91570188521011,740.4693458638908,20.82696871850265,855.3115295250437,755.5757432753802,128.7164539696667,598.7203123338612,850.7804371772646,601.424589650622,308.4127993266971,42.4692156086125,568.3518944462112,603.3488646218215,248.72120300717538,18.25427566100157,381.20074486879173,990.789099647101,300.59478823251584,705.827420229286,300.26125734758534,84.32311928344105,780.4165386536054,382.3858996050099,3
65463,761,6,444.8120780012059,901.3921737636056,779.0306231865993,767.2629166146179,112.38009967768403,617.268786210037,295.4941936742693,69.47222798062602,68.70832545728489,194.2043010137058,623.1879641475025,644.3356730554407,353.9231886701868,515.4754963153295,952.7688469127054,30.670553332668327,557.1015124323608,321.7274196743197,700.5510749503239,758.2120232575863,377.63401147808804,235.21857345496412,6.358215332232242,864.6484395914215,903.7184261736592,26.054320292663967,112.79848103421108,634.7568137504353,466.73704797387205,281.55925476076936,192.4738007904079,451.29946584512027,897.682651396663,921.1547124401936,892.2936455617188,716.451904587204,734.0056198225014,239.15001000149383,425.05194489344854,741.6185629274675,720.43264783171,123.72407420841058,754.7529825967916,531.4365627392306,871.8461372859822,722.5114960105489,355.48718164897764,972.7987584516262,102.29932621613291,469.8015801832249,5.197759723386319,701.5030497983537,842.2888406001549,3
62481,347,6,662.6590214626253,766.3070292665234,113.13906175277788,129.5009410490241,401.855368521246,752.8041256192807,960.8517166019592,931.6541353914099,800.5064237575497,922.4494677327236,590.3080815686644,117.24786242142659,293.84980792636696,714.640962798992,938.5882775342066,922.3110586601051,752.3481814153008,672.4991934353457,418.46863664941804,722.244395700488,876.7633965134916,995.1689407031156,642.3258659728166,653.7277450952812,600.7537315082935,906.1927839229722,341.72923727444817,706.3971058944926,138.76258777153961,334.6622868026797,77.26812083111612,656.5053614055975,239.85244821299102,306.9687385135309,762.583105064527,159.06615257588075,139.01176593008645,565.2613583814185,522.8859159716201,385.0975893285319,369.27346850987806,545.5688355907721,161.22628450945575,438.4213156055804,437.48208863508,971.6468985247569,637.0778817084445,981.3822822782884,597.6618155145072,271.15417801755916,503.40756809159905,456.88689105449697,828.4210476342993,3
5628,990,6,857.0153303906972,218.7889433330159,660.919723105166,423.81830486808934,212.88727595685964,564.2732346612254,578.3880027072966,24.519434852420364,562.0108111416023,326.06094609998803,417.11091683912,761.2653839684649,387.92553326834934,99.60364156656686,103.65508333964901,427.9389768422044,904.953278262194,640.7750637803746,198.76085298662582,900.2553141094338,967.6197527036031,150.69281202644447,800.4447719756303,634.0254017241126,370.4153613426168,73.02388188451847,355.85145180724896,874.5338430492719,664.012217321876,991.5356748434018,225.03089728194004,495.7448503303881,335.13145517215247,651.6958567841679,707.8161301618301,191.25355621589068,649.6712575087662,508.86188298710897,718.3163566746267,10.063149763349767,574.7371691928564,540.3449007146928,291.3928527640676,332.38134143528765,239.83723521434808,44.27269371602638,924.3221545186742,968.7039043066425,230.09524599370158,872.6186887287498,942.5307877667015,975.9130339405365,116.04855298806794,3
22102,426,17,896.6339869762572,254.2635842226162,796.8960325839365,526.9177743473842,147.36876738599847,683.4395849388794,612.5854715035368,207.6180660750836,637.0787105575223,724.8548180903342,358.0901784165347,94.05268901924491,748.9414908781735,277.5171319251549,92.57792910768825,950.9701030035613,43.63156389632028,535.2235273342062,2.6167363063198668,386.5224908117912,112.54652912821439,708.0466516446176,885.7763686001514,999.5055513926618,263.7126186941182,692.8153164002571,805.9532185581669,710.5990788870431,649.5645357661338,374.57778273016163,171.23534704218847,817.7914306607246,37.71832744915271,780.4471401140692,651.4197166517582,185.31932863491085,514.5395153061515,975.7257471662429,190.73077397531878,928.3729016104807,997.1803208784652,543.1623526539844,251.3643538156295,301.4218569034961,316.1277176762215,569.1500877424958,100.5021699833124,400.8022428733766,407.7547432760427,621.5516104560523,115.14918377154515,537.7695098947443,395.35543912490454,3
5304,89,17,503.7690188546403,833.9703225993161,136.409775567251,837.1025519382483,361.1945816666677,769.6687875362602,153.90514902338083,428.5522848435449,519.6584276508688,91.24399769100178,325.84625144458926,983.2219329631288,766.0926028747392,474.16951297332577,414.88453586215036,525.3299842735778,333.6610000381564,901.2946052437368,672.2446314789825,269.7568941757068,989.3359946312862,574.0773438026956,276.0650026761413,226.46285003348999,840.6343474574991,272.71191124254557,88.74130837023253,73.46321217880136,466.0620234538034,233.6694810654547,221.99218100726947,640.0226180351248,388.3954194124214,280.9085274527584,931.742453076027,931.3481675594496,907.9132410039234,101.0663913868498,801.0562996916635,863.6259662950915,687.7205297030273,737.2207817906574,601.0139833526373,384.96939103126493,864.1841516202687,39.69582127017579,550.1698205487429,131.79694512086138,936.6361955145688,495.1663663757492,965.1977119627991,227.23974962893257,625.989917090023,3
18312,539,6,404.4270606413989,982.4239624346205,26.674357179854447,729.1624276160381,574.4153232309137,92.42417902537703,351.8031377219768,383.0103324237697,865.766870670951,324.71159468540054,833.7783216715711,185.04364779702854,765.5299442991557,178.719495502324,501.59695935371997,200.53204009622127,732.0608199286896,328.0272569856729,148.12269577209392,779.682673469229,398.54437192431027,518.7742110734189,959.5908740136035,295.1123948756974,212.51312364240184,721.4131154416931,367.2579325546757,398.58743661980714,403.8847493570583,827.1800021092324,769.7031082258375,918.1556129094802,434.9873312169352,143.95831011654514,525.1477338760204,346.3212622481263,535.175149668774,920.382538671045,142.67216590740418,785.4703615588816,476.3413121800312,254.60042768333645,614.7998108077417,978.7540456709512,663.1813767856014,314.5186159986627,746.4759096138515,226.39059225839787,771.6101208303629,840.9067164445456,11.645967325899065,324.36825720305376,461.9441506939846,3
8879,376,6,182.44186122203087,728.3064450713576,561.0889863785862,628.8050254386445,246.10232872097393,205.2641454685391,707.7839940270082,570.9966996373635,295.3529606007365,672.1390767166071,577.6363617535629,958.3982085666884,36.56739460345726,416.19935407932195,908.3840813439657,167.1215133455336,577.7940888591742,716.5499315886404,495.1485410228862,728.4459415762202,922.9420159890981,105.71470587896692,971.2399505277649,469.79504244879234,233.67252087960654,174.34747829011388,890.1575293628848,48.101229258402434,266.56486026318817,223.06347594917375,781.9402793026172,94.94239477030919,406.0179070794162,924.0492982663676,587.8407783998994,153.97358745976862,587.8982606798766,678.7225556394458,158.7758897604864,586.1489522613037,374.5221155760138,163.04715505468326,365.9360553107437,981.0175385888119,529.6737277116391,723.2146177888461,172.10695855793156,637.2070642228321,337.94267189767214,180.71070670604504,931.1236897907465,245.90485161210208,303.4945005122708,3
61078,445,6,636.1105607814535,787.2532868378368,9.552398558589248,868.3858557297165,496.8005933853741,476.8575550768054,614.5077469178726,234.47065145856016,25.872825834567514,615.6184849085074,836.2349474801853,554.6989055640978,901.6046079558931,538.2396137959607,773.5838149667104,14.146131453636968,847.5539723477639,889.0968105101796,868.4812865001095,997.4287770172618,967.8202363839582,929.1166871660204,705.561255525073,544.9946222695143,447.46426302584155,184.83034937542274,893.7229788933131,997.4182015555368,613.3387567946749,232.65201264103618,798.9149633681803,468.84152228762963,559.9458109844232,530.0120994251666,675.1236655573115,419.48366256822976,285.14106084280223,729.0610949333349,699.750100791331,842.0990523460501,598.9531230655466,535.6114720280217,948.3627150283322,120.07646397003413,217.90804693206266,783.2055690433812,303.4928678186558,679.3900472735223,467.0042063898331,827.1040393504062,112.79269858973574,406.5733142534731,387.9209980116947,3
55194,287,17,666.2574886783615,404.96433210566073,467.11016793409766,582.2803070149314,451.5569057261405,479.7834180390848,597.6471182462358,18.205539921442472,861.1382465612876,62.81564773257209,125.5300975849718,453.33958751754176,849.68581738171,880.1275763438165,867.5287061790375,658.2506996992655,424.0143649081446,107.1892769127547,183.12025177547775,446.7800570271446,270.20218460566736,780.8855219394335,751.4928725416612,441.3117939627095,875.3493472859803,109.16243438995099,599.3389192072093,771.3158784339679,227.88067219621055,965.4115902371638,870.1258828437572,107.42545474603415,690.6433976892135,130.57614372872683,574.1027915791025,240.2260288950473,115.18754612594206,886.0730891317882,100.7435616310901,508.1033800901432,846.322300084798,224.4235813065344,421.04101389269346,457.7122874165714,227.43138873399482,526.5597107732895,432.7273882884043,0.6609317695138728,806.018184611241,97.64622060534012,488.55782795688486,697.8603194108152,767.5304665920303,3
52213,293,6,168.98715779552143,811.0272604353315,816.2662883245556,175.2303921226972,772.3862305716054,880.8619114253561,686.1581646598822,510.8811497279616,498.23333275450653,819.3951991484367,43.23000288897727,819.2382095510054,941.5636589448576,699.6276169409547,398.2396679858376,427.19902088676486,442.1668117359827,270.0153542901056,644.3283313013219,277.0531219692446,346.86539753872216,518.9985398818089,996.9751188482654,996.4636802880436,774.1560155923715,310.34739082604057,733.7855299638486,127.40271355990929,895.5256361501228,181.2257400004691,608.0640781415003,266.0947841369498,66.16648065283326,121.96389453589795,65.22905997799167,601.6994300533244,63.52636726693983,461.28335453130364,891.5187095796205,845.519372102742,998.0351501496965,506.78105226748124,402.56330471276135,708.2919202836838,446.9866788125515,532.4884047237525,576.9627392563917,895.49690657288,52.18091298561278,6.218028346380411,294.3275495378723,34.83498377649552,259.7564340163061,3
62218,257,6,105.55897210081122,11.670139797799518,729.2184191834823,455.60952513968124,466.5010105602191,900.5766865440788,944.3112870342171,587.4301743663783,260.0184424492814,77.9342031912561,406.2742758810013,994.6005979628715,271.2065682760261,736.6088201122847,527.0933271637255,299.4596521376156,58.8207925250035,756.274275899711,910.7866370886165,784.6364050413035,20.533623947929016,795.595316096891,221.1301240541942,838.341951023484,975.1216330224361,455.31465163635664,62.164397284868,712.98496768349,545.9392585152483,278.49199547838134,466.9530336173454,904.2788608972024,231.33713016422664,97.75149077591539,352.1940421680819,594.3962734702467,457.2677746021598,198.6837478434098,74.15316937726912,151.82765295153888,271.36534945824167,581.503413816725,934.1130916866219,146.06669434038554,430.1433574324791,334.6408168759184,531.1495409643793,418.9004402368898,75.24547189869656,670.2776974335814,643.9415209358488,93.11473544999882,773.3190741738008,3
1649,526,17,721.1374811757665,770.7596586288098,292.2082887647748,606.6003063702369,594.7741664260849,159.79778166516155,675.2058831245654,663.3907376874855,422.3812284331115,511.53942194567657,660.827537469624,968.68312790404,96.38035266319788,447.88878844546053,820.9847661664636,125.10585342117942,607.2866808934049,280.0324080543346,760.1329428003913,177.43573962838434,797.9502541225681,540.4195540698557,698.4348493352118,58.847977139735555,702.8370531321183,449.6727600494952,520.538155619819,943.8787043600071,809.3280003517491,594.4559647804032,342.4500639319201,809.8377038026885,215.4025027436599,726.0212129704165,650.0025822778781,836.1202054189041,339.96914335963936,628.2511807889651,418.94340470569,543.1055987382103,918.5354260744109,120.53346296947487,734.065038526281,657.331087027128,35.922084170036285,796.5672160306979,753.3223345648018,127.76497627144445,985.0057481399767,4.879578600286982,168.90553009937682,735.9509674773359,265.9324570124002,3
28528,19,17,570.0186375351567,532.5155124539988,545.6696530678943,695.9023065931311,509.6482100987412,187.87722441576238,943.4684878488102,782.3694380372383,127.93108921451757,922.9894380959795,519.7663049533815,989.2120869957378,227.85607126624174,989.2000409521769,153.4223367535318,721.0694447013725,34.65188428784316,45.94685696660572,389.19177579693473,108.48019613826898,386.6714761083105,280.30430581485444,155.47381740033904,563.134330846099,937.6799480551532,838.0621974877604,423.9036679760366,158.7915895067591,31.268787084095084,390.3767755548159,551.0447691186254,478.9090034534805,872.0655690147687,230.34603948700783,370.866850603021,4.522924920044247,461.0632327858122,932.8220704364303,520.8470503527327,800.5443108165313,431.9516855038328,408.2426760904623,844.7396141484975,708.6211166051442,256.45337965454576,861.800497246556,215.3671200775775,15.092520235868601,394.69870504465973,63.000704386623305,363.15281226852403,860.309429773623,279.19660123598334,3
35811,977,17,256.9289601443608,502.64059111813606,879.3670550789803,115.83215109220946,436.38022264727397,662.5883938704037,718.9936229803778,7.972448592979076,169.45129373770718,117.05367510234699,926.2583410147217,229.14347072133202,606.3721053879551,1.8828699826248796,133.5436226836362,156.32173176525865,473.76273213404187,909.7944776287103,296.8139289110372,591.9160556483616,791.0525647022287,68.72593115620207,183.63840826749478,321.15431795010585,902.6458869442743,986.9298355473942,589.7613425907132,402.85287874168586,181.4582195758523,574.5138842685459,10.703143158041106,913.5978046996851,385.2605176796825,916.4544626947439,519.8990485322464,871.4614317620761,50.60016509967746,443.41403242073505,370.68056861874066,594.572586936747,133.31112298502768,765.6499048964793,212.04076836096897,689.8695605288468,291.11647243985703,129.81056878277442,509.17557212676223,437.85063623808617,35.40166910065845,845.2682728602307,409.52986678980676,243.6792627445744,192.58996080750467,3
38565,966,6,12.697245242679568,212.6147428436158,402.4836284216886,688.967180084647,515.8486391869795,11.744533626786957,546.0386955447807,28.398905543247643,768.3971143444311,76.33684578138012,386.40297492426055,66.01269012744105,540.867761325246,292.9024117704951,948.9541852786227,833.7616616185525,172.34766462151575,92.31469544122794,854.4802408813755,680.0379623897937,652.7148037411181,925.275693908487,418.23843392000526,737.967476354347,411.3682658305743,389.9452672308572,469.23850671412646,646.1831758840219,148.49112715134072,882.8535705089008,26.53256115757152,786.1942206745672,82.18876126158092,803.3057830437451,125.33534186978856,500.83819845402456,27.9930916480714,691.4273514136847,303.5635339655186,534.2149565729678,926.7728638207616,225.72817470104022,858.609677982128,277.66863955146414,546.1057925025409,485.84091780439866,894.4856410149315,795.8382524105367,338.45970258000045,81.779304862304,617.6179936541333,408.45034039130945,503.41294423532,3
48772,795,6,308.37111818009254,641.1917964288081,879.4779471948601,73.0685744369155,717.5787765356401,105.52646110649533,491.67717006672007,296.93319872779864,816.2973677909096,162.58147273241218,11.428666882147498,552.3638236446961,848.2025035403251,771.7264783593688,556.8885552316871,613.2048078242702,524.7546155487132,586.8303651684473,610.4556614359261,708.3139992649595,221.52012759810114,121.78548071227368,752.6224063875045,104.10560895762677,658.3652630386129,703.8692126524427,728.6186051630116,669.313191066348,365.164108021332,400.0748614097368,645.844284800128,82.42980079000361,221.22551924895728,525.9400282386075,199.12367983847378,521.233319883919,187.80623626556192,270.4294397857335,228.1471162633365,455.80160418596694,8.338617146352423,332.2375527433964,787.4741433103881,638.1024362944436,648.5591972669282,435.6371190177103,708.6427286786632,522.847133406345,798.9367241618677,839.2208659253544,162.70146877881686,947.5609008541751,322.87549530426605,3
33593,325,6,509.46641283706384,135.30682029918117,619.9860247204458,791.9911492432152,333.22934642195503,426.9245750814227,157.88184085926792,617.5396692158811,687.8502535555067,901.3425061672782,685.4990203200273,121.09656006469483,122.19001465434454,695.808160126608,485.76335637748747,763.2293640272031,472.93923081980915,278.3353107779577,861.4098637826149,971.2931708860792,432.15265693022263,840.4354108677364,761.6085651058327,405.3004137187103,980.0055395988138,400.1821706313845,90.3861589422681,798.8332827371912,635.0771731257861,909.1613017572298,994.8841490571468,81.9896193708497,784.2067441992377,726.2133324432858,954.7995598186915,574.6995415937912,65.10354025213717,15.361275291648768,129.0682078828471,506.79928021415134,962.7975745978164,573.9800734528355,667.5618271693945,210.87916303562216,136.09375438560534,293.58711992901476,451.5765780264277,737.0838452897956,995.1246603145922,812.3181215745535,402.9240617107115,389.70177619057824,432.7119927162907,3
41809,223,17,79.47463640853125,950.8479651535216,308.7692297168417,880.5803035165399,242.4555554701411,368.61252274048337,761.8412440387679,161.21826741731482,394.1607511131383,310.84714652224744,463.04729313611216,615.9289372881433,854.8692273159072,169.1576420762617,80.88149084134044,91.85115627797869,932.8021641014677,198.1200985028395,451.9781723894768,526.0711724037785,861.8912550088119,717.6521832304842,636.4223090016987,447.4242619076134,302.594488977925,136.46659553689278,92.83763572082782,376.6906715930084,878.7118634561415,303.4811225044397,177.4454248237861,203.14875660711695,783.9190929285104,947.8539872033932,613.809868959691,661.9107721133473,539.8311724650973,187.7317281808384,483.8651574502888,891.4225049184166,102.73936808779172,567.1016203463269,463.61753034596364,402.2555318041998,577.006844840154,656.1684024203291,619.0357549516198,792.4477385735664,975.6917706632793,897.2159739605878,72.42544468699286,466.7537908819731,156.2888349188004,3
13760,253,17,216.95075548831832,350.6058301238361,660.1101645894083,608.0712183230502,655.4249566752695,631.5840671538408,341.9121565612008,507.0575267670147,108.4340779469365,643.9051624975215,677.5318787305058,263.4245306008093,682.096604939769,118.72457579469287,988.6531433005648,376.54077946045396,334.2240817258744,714.0023457217641,203.7706183141058,636.540955833522,570.9152494917149,997.8725540178957,661.1953900723184,534.2905324557171,390.6256710894457,721.4775005438854,596.3557442000065,590.4604825971439,341.61275041226133,399.799745270236,286.1144501181946,292.6200267288205,359.75338799947446,112.77658837886662,410.21443006504774,479.7741284860869,338.6726018481044,6.75370174245804,275.7583627474647,42.986582186598234,661.7307079694549,107.9327619758984,376.84859621483656,808.5168924639631,476.7896697243507,123.13620612663823,380.81671934006897,583.7698784932736,324.31869322056536,514.3295330784628,757.3113054904394,575.9482810807136,803.9658185748536,3
22272,897,17,409.1873933036364,515.4112828776412,568.8947073108617,305.8607259796469,448.3124944120549,699.8673472450592,770.1745330391501,837.4891548514883,724.8838300385995,442.13890407433763,957.0890351935368,191.64187504081832,537.413351230884,855.1088733194723,367.1516283042704,522.197113110537,701.9141543521224,970.4689067651976,942.7211101284626,818.858446233023,720.3646338792694,482.82174079005904,230.1068919276864,704.0017674122619,783.3885133272764,172.0095382511323,811.654321271476,495.8056800859685,410.5168197376402,861.6411429912404,564.7528006137128,996.1205271064197,430.19969235500935,424.75769094335124,71.11935589398944,807.8758755578217,753.156995995088,721.4614779045592,910.2157923410647,456.14173833690984,269.41597040488307,514.9566267116876,573.7365112168026,716.525856366089,510.088838484834,701.4095819800577,890.095393008513,891.5806171343543,519.3754519974639,834.3911895825452,99.68250491436802,488.3616796611815,786.2284897806824,3
64585,316,6,919.457750736154,776.2893980691088,455.14482229926233,972.8642918783655,330.67369988840045,258.99358271296245,285.9084420850162,11.551472979112187,364.41140686571003,905.4669497130009,38.482123041259975,54.000576000152066,587.8833665963757,603.6303288918255,877.2866181313343,384.8552808419593,579.6454460773062,122.69962400699109,475.2790304755714,476.9642093257125,208.1382626097773,559.9143804388042,324.4203898768027,119.2366153426001,880.4770497729874,325.18639684922954,464.99149792338426,835.3378456740568,990.4982471943832,44.18916157247877,978.89558223764,452.2129635357053,16.75516565494972,257.9139684160383,551.1536649550662,690.7096990462968,701.8980938262705,871.3060471610548,123.64701383141275,613.6646798188311,332.2825198953223,379.57824462603486,142.80098695569876,214.67975637057245,978.2462084260505,62.945223035816625,983.2583795562491,675.2869230384135,709.1839406400157,824.316877384943,8.499781252893857,927.0268873112981,589.0650340954197,3
43822,232,17,457.7016578067352,713.2705145310858,307.4185137006783,355.0907852065391,224.10315217947328,193.8789386856984,818.8607571274446,661.7005971914477,743.5761987354755,796.3996794051793,689.5070905996361,443.0153271790175,903.6328690353828,886.018714978126,921.1385033992001,45.001979143763805,485.9891154545042,326.720193056512,79.3364149107082,426.86639922510204,335.38806749910975,878.8030350462132,154.48480422554945,141.14603096049817,330.336505446598,988.2343459187507,785.0571941743021,687.0630507189078,249.16281061580102,641.7402373128422,312.2815643731105,354.1600677329088,902.6876580741323,122.92442087298683,653.4633904045429,358.04743764462586,891.7200907270792,652.8384271213912,923.8825255223257,350.0916657626554,546.0458655276893,991.8107296883533,87.66749634613902,358.3499461799473,708.1804949020458,67.63045301896453,574.9452312533294,781.8799212456184,403.0259090081165,957.2834763843705,428.75954422299566,168.24602943082124,801.1196716284397,3
44653,155,6,690.9215657375826,936.6000636248825,339.1382583570196,842.1720794400653,374.57516972300544,981.736442514577,597.388836410543,827.8337478016097,742.9378483333658,499.2621164216918,796.7728489850492,670.7694418225107,814.5425150925731,672.0996075911589,911.8570667643554,453.1098961546818,153.40442804016698,373.27633904713133,692.5577845619887,547.5683333549268,631.906565648313,668.3542764327622,442.41677745609877,895.3892479591021,106.59778317309676,107.32289993582755,704.3301387010382,832.5830399608358,831.3533784751555,320.69649699620305,861.757056735636,434.8133381909736,666.3151941667745,990.5288492918494,689.8108693423901,995.6873999943681,666.7265984645404,121.86987908685187,531.0629478508553,842.1914653089256,16.176070242988505,993.0133995984385,638.200975207963,460.0371599363965,650.3051928103421,762.8752840200999,591.1816880176704,245.25534710455833,585.3856141960208,638.3104867372296,855.2242508970857,438.36630874891637,413.38664661500957,4
49739,175,17,968.0992969759096,819.5529928436694,938.7486969904893,310.80875059344856,363.02939111709753,194.72201218673501,611.4954796373981,540.5633970080323,885.3046009157596,66.86517133471526,957.330257454663,336.0540737242426,881.0201272331408,259.6756359001076,791.2654973608882,939.8331436867794,41.42458207797195,811.6655418683372,122.48222638689987,104.25790934824697,646.9158747475017,250.7238666954944,110.4288005626849,143.80073124395386,55.69910335969097,35.45113372606124,89.74182798873676,241.70125805416575,589.4532973923766,868.6719174996257,927.3855231454198,813.0367589767878,606.898158867351,383.4978885823301,576.4229642339097,746.6514032720963,197.20771095797963,963.471524813634,532.5063750242778,918.5907212990272,692.5717249078475,34.422642295686366,16.135980975778175,826.3358780655722,213.59606032665113,437.2505033572873,79.06635987231303,354.8932518055365,36.907712248626325,296.3426410035507,979.6449130047379,569.0836360121532,38.202001880309865,4
5964,232,17,420.7031170565303,510.1679483090057,189.916308865251,12.374747573841383,382.868549504322,485.7936292914757,512.7879621083024,135.06850499816915,271.4068782692468,55.38408711068854,859.5464038588136,83.524555061111,487.6215421162533,72.00520299386615,741.5970213095037,995.7366316577136,866.0743797171237,441.2719456934583,431.62588727386253,711.4991742435072,257.50332313361844,230.07852464175238,357.28646111907847,436.28833416494837,936.8372723486046,133.56662037006384,9.124260783078043,855.3798021781985,392.2947379683547,148.7028418938642,125.67269368203138,629.430555653065,506.6730693440713,668.6709512916028,502.2597740805753,887.503952624423,164.74006888113678,405.57954417710164,481.53256798682673,622.5782106315982,406.6571831483535,963.5583348241657,568.469292843703,915.9466203219747,895.3824159864679,611.5129947249701,87.92992342135908,123.42808211091072,334.6102742846672,292.1484524797251,812.8880217268875,571.0874189433191,879.6242903546868,4
51163,144,6,828.8677808893713,926.3197804083657,312.87222693349395,155.80337192323057,390.4853194973406,105.65120517043225,22.295790426266837,914.250613671183,692.4570411719147,123.1007087814493,777.6053323485803,639.9311203281757,562.3883035987371,777.9403522790745,901.7466367248796,245.93144978565184,378.85242463651247,365.6391865733606,409.64616330300044,391.3372272607948,267.7057861934171,275.2222226016562,517.2159032554023,499.31364514579377,694.7962298581086,334.64481803684123,839.2610277184993,370.6660982538265,458.47442044550445,505.59252619827686,545.0802484232755,962.3952023752265,981.4397742780017,221.34585357641478,95.87114005097375,97.23467088114258,819.9590624247121,243.08404777569558,511.3896951268837,353.62120922602594,256.58255231632444,74.64944700834141,943.4415322061138,995.4655048992582,703.2411170166052,328.91324601175,994.1270279549855,83.25093613667079,566.2472635886146,29.70466567675878,505.75075964826,268.99570726310174,855.7089494989926,4
42343,631,17,987.2714328967118,310.28884766638265,751.8494514992602,347.38619501766044,934.096084154835,15.202137922201931,939.7915136859582,622.5161307962269,481.5795032950221,265.9235606461617,684.3221539085574,318.2043809398403,388.48469038511644,517.272055517405,991.448469396364,276.6452901153342,79.15563361399947,643.4271818145321,931.0021213397806,811.3711652852028,903.2515191535589,922.6186609735807,747.1845829469539,537.0700076271175,831.4974517998734,598.5565385109704,877.7409646694464,693.6466401983811,899.9700295494529,626.914087693898,600.243452578404,487.1958975626769,493.7701669232928,528.1367558024137,132.8940480671158,777.6667316608377,537.8127927678175,581.4250335358432,213.1098112212507,168.10574723247274,837.4201957665407,313.8025597673112,935.6146880445012,615.1200735022386,977.5726216988724,394.50093315606904,151.9568746615675,593.2161356965177,63.83876758279394,795.5908066675314,234.7368443791984,947.9487790483997,617.6337727094451,4
2897,860,6,278.7149111381251,292.0760196580856,721.0226963987013,250.67411208824709,756.6496990113374,491.81368485565224,548.7316379576527,780.4676307621371,920.4479204006308,681.112819957164,925.3682448025306,44.45868458083535,233.07022043989934,666.140063523429,392.118604886173,436.2496233548796,578.6032685658927,636.4130755864677,138.3411692089802,977.9856451345169,188.62266184601495,211.42414507201823,408.0375156342232,937.5354658352833,251.2092622978137,531.4066277041163,330.2740183681739,906.8694985398955,873.4635582802935,475.0843992762043,119.99032154546497,894.8532780447664,705.457242272149,335.06198560966703,193.9826924841771,236.3548191917506,732.5739718782894,381.09938818241915,621.1629657887783,882.5174319788393,398.0672020168935,45.493967387273734,626.8742963521009,149.76808897275995,762.8475528223172,403.01493811478986,1.103068015549158,386.75961904277443,508.6751756679484,8.627370643032206,186.7249405366218,973.4462792153145,916.0568906980719,4
53140,331,6,572.849827106818,912.3010988348608,564.8238928800047,550.6417750736612,583.765720540453,133.71921171078372,477.99822821512237,176.13470025420608,626.2888706855998,758.2294498568676,769.0936977088612,570.1567729640041,742.6527316331974,303.8908556339214,858.8169046748369,34.48578812544767,845.9012193073772,205.68351584385536,238.73050433966003,172.88440640621772,952.1312432127957,323.95317250770574,778.9652136054334,716.6639398121439,55.59070234915453,67.31858088336351,885.2433620693058,443.3467663490908,415.97607103400026,554.4123633908749,925.2498281786308,794.0708693941451,605.480235524112,929.0035006500598,207.482449249873,840.04821868492,505.11033001989836,455.06659316035444,421.9409789903158,882.8949982284764,586.68310270667,5.880854724436557,487.90357715609434,81.47251143749924,121.1279093248664,915.1346698517987,380.2754149077331,182.06082038727234,424.54554739436065,289.6794749604997,131.3496758832212,189.5083309473361,59.57902859053898,4
50812,788,17,340.83158152546565,139.94617415957012,93.6002929313896,807.1097433783847,392.7683427057823,8.399993040025144,67.86501676298717,554.5884602853997,432.20458628091586,288.6441029407161,48.618606194714474,316.3454986835051,975.9652975077581,192.2438425337265,67.9243585727769,876.9603376488767,398.0871303356368,882.4113248412218,385.0949697256767,178.70251971136975,368.09166667166926,734.8986256954636,100.929697138194,617.4506393956956,786.1457876947873,197.56641453838364,146.65782624801517,419.60503843249165,613.0539416454106,641.412302261867,285.82722200814226,932.7403606292734,449.42623424841076,68.2478584570898,672.917574127651,986.031317096381,552.062864818302,974.3790629174252,707.4003998529588,669.9492174489909,965.9962549028849,469.657914400752,557.6242178008935,809.6808154013324,624.9295214729407,270.9344236024174,723.1226290066654,386.3957411526686,991.0469333159156,346.9307572421033,775.0420776302212,374.7565168433256,316.6096282954931,4
51175,333,17,872.8596714347409,512.0957776109243,754.3592072190348,35.490208060225626,886.31477361994,340.49877543256736,169.32391615617647,287.46415662220124,100.01074062040927,108.3926012489398,74.8666300423525,340.53286497421686,791.6827928332522,677.1224016725002,491.3950660924994,70.01977029465034,138.5799373294545,858.3280395013235,78.93853191431566,648.9692407044569,427.5580110830056,698.5497307846554,453.8796883014581,428.2392528372486,334.0381977803947,2.617524999720122,234.35951523377452,191.27599912529735,445.0873661276309,256.1745785387689,153.29195418054408,440.16855946250024,111.15031108448204,771.6028189131367,718.0786158889042,509.9033788231189,326.5226323781504,157.1817629683049,506.64312776840694,483.5906123988255,215.6458862773354,139.4690656560681,950.1983145077397,580.8094434871253,979.8992385036381,253.75286053799485,811.091939571134,934.7993452112726,637.1777223906444,409.5747852228343,295.6660761999559,363.2001700620605,453.1794790706294,4
9350,400,6,659.6094539994132,100.19816265244508,709.6725748253449,287.9324539129169,499.73526501876444,629.2977822353919,965.8273988323112,70.78645518792615,113.31271066177761,62.02003113790089,497.4819907922868,856.7945012301891,865.3545564431191,496.9534306798826,568.9076226024648,153.4647521855197,561.1344838630364,361.5193018247116,464.386381677885,912.406303391399,378.5314422723773,649.4515588308395,314.72788050959775,181.20124411340964,287.20626102138436,687.8114328165788,750.9649229446932,124.33369771416758,387.40889176567106,918.6179056509216,911.1795864193097,991.0103374547358,506.5881310637734,938.5051661685621,925.7177629046022,481.2771906465346,714.8744217640317,633.9243044427361,383.2007543875866,790.8402895291229,587.9130424619935,858.0087738436154,273.80969683496426,996.4679273886961,759.2762411439065,741.8942408828372,675.0648701739684,742.7092587814569,158.41824513827618,880.3799763564748,42.283492842368766,472.7999499765554,619.1124821403023,4
58784,711,17,704.8832572184127,758.3898867375849,389.85639981624485,355.4557226835402,410.0084625956042,712.160525958163,189.55153600118823,984.1176518976139,832.7994980906346,430.99453460510153,589.2373719682638,898.1378676865004,991.8707225364976,506.10261083888963,463.2628073843029,781.9574906845676,70.40496902115379,867.7003077371387,499.42115495525195,824.8862858143995,658.7609386548152,50.21685916028118,828.3270418770859,915.6689305382815,844.9770307725527,688.534273659888,262.819211375678,958.5736190161086,199.59501358510113,792.9926770768246,765.8177587026025,879.168591926086,144.81095752138617,233.3698652180235,197.68949099597833,678.3072515929281,483.3151584016629,172.74616045226298,860.5515197197437,686.7976507417063,690.1199072900918,87.96129319309887,428.2976570526411,904.6536812072051,709.3593113668231,562.8095899106147,344.9572254647697,127.61012966868613,77.79319079253733,103.73425451543861,415.3300696254315,842.9662532918027,800.915798873607,4
19689,934,17,199.52978033038914,883.4385419711305,420.3623631201426,108.79500188843394,558.2775766852633,671.0425869419705,395.388862390067,935.5035777715277,271.04625148717975,918.3377081517981,334.9215587007553,620.0834287940428,688.2411080468312,219.8724498017388,318.5410337545334,6.724869931229338,992.0748167538239,634.6509867149176,149.18323686879597,976.8788560184286,169.40550232105912,326.56323874291326,411.56833524454083,877.6291141563092,999.0946677295567,654.3555641185252,654.0164462860293,870.7228109352926,240.69177159168785,863.1789751226661,698.9831531727464,329.12021896510544,657.115247143439,725.3658262299382,754.1670264381092,647.8804838465104,526.7489971757834,921.5247871783217,562.473628586854,799.7029088053062,359.9300496602469,861.7228480640952,444.8652313911757,132.24046624393526,305.4690289552712,998.3882990022131,437.28228388929904,356.9165829970132,557.7075564520112,357.35285094327406,196.7322021017187,855.938718800818,621.2831543457548,4
10354,809,6,5.257244764153679,309.22378741284297,824.5754568776898,832.4583996438546,156.0095788098834,98.39209470621246,596.8430236899434,18.08165814920326,326.26362042959056,959.6296867443234,553.5225418927338,194.11142858554976,458.81411492794086,149.54871186360506,858.1760805996387,533.6056512195357,567.421287395125,416.9214515095273,863.0671414345293,994.4032744421144,2.9789152148911313,847.4282739383871,163.18369432320924,473.61469073235554,420.46812173967686,162.16982192539842,598.7605010726174,499.1032373154252,702.8123524566606,684.9194437429535,771.092263363263,839.1234409418104,250.1369017515963,751.1144258074062,567.1823238297262,136.08909029215167,639.1551410082893,803.6018933630835,644.8334481712827,672.3021508097711,998.7968208454059,797.4824858078752,565.4387446963219,788.5003839647882,691.7115731999065,381.64143834211836,55.928556970338605,62.862280928608016,917.959365926678,627.3860735475886,781.6289917463971,776.0828635198314,206.9125359272389,4
14068,237,17,48.84485605582911,155.92786716973995,674.386171131849,627.4487583541454,180.97269213204413,905.629496455681,749.3303343157685,758.2696681526156,392.2572613828366,109.13699628026386,718.342454552654,320.9474381962636,887.0835122055549,623.5576113848324,690.0755473781128,467.75468291505996,832.9769170686859,499.7885919502155,587.1113642895438,465.9464543405286,827.8093338071071,384.9924278854376,494.812627423844,40.34505349658035,901.3000611012003,227.24081305771006,496.5974423461478,830.6054594410735,21.111541748057626,996.5232771880358,185.85170797423189,759.4644866910836,198.20780132115766,528.9648460243711,262.6612150190664,249.16150307836583,841.1977611450906,895.5779187931914,877.7073407244787,602.8181813369797,974.8560215440687,479.26820067124066,714.6107739559486,292.7021548280908,133.6475053949071,214.7120272851989,924.7352697548979,281.77939695772716,428.8523178555608,424.63187123782274,617.8875699662663,249.96910400602678,354.08564748402836,4
55315,590,17,658.4110158077225,49.076227678993774,940.7702649317575,29.968988108933893,476.5038976314644,410.4961135762625,51.85957870285884,274.78130206508456,462.17512812532146,668.7897801230414,447.50551349295785,921.825299192038,536.8982556031474,961.0267157029983,790.4006140066626,875.9826890606982,837.8605522388748,478.12713836149135,129.5640792442755,458.1444588690621,667.4289736061237,674.1926859886333,939.4944391952056,68.15799390621325,304.2686096686098,213.5721478243293,160.07392210828485,62.25378108521096,268.5504214867155,185.59010377356933,73.5975742979793,254.63815806666133,925.5119530059158,133.81648551193626,169.98789771058696,666.1701084731859,104.77080673049655,980.7507488289893,207.52861775336507,710.113837127278,198.28844070442653,976.9771781862104,748.2715981743892,501.4476658212049,516.8257988506809,408.96910277260304,906.6950465917581,208.0066211096121,210.65048466189884,929.5527069715315,113.21191350072313,294.1683970875754,933.6888065797783,4
14327,122,6,453.02891097927244,453.9531799151737,941.7385652968003,744.6820475010372,895.8481540754419,132.35783572936845,794.9801452065732,117.61818426634375,777.6372959382999,334.6707365334446,707.9436953207127,618.7599808978551,389.7918784740706,339.35445560521924,353.4592421783047,923.226452239264,563.5323008677548,362.7148491826665,117.88356979222992,788.7802359940566,441.30449350904433,512.0907019330264,199.8434661060744,574.9714711175064,998.0882085418068,131.28904472350735,666.1024858877005,458.94341802763773,463.84683686841845,576.4429937157817,805.2923116428964,815.5461144561068,290.2232031674896,117.67486920996473,194.85927683955185,206.71458733728775,54.81404864817729,178.77215691353177,117.27301108815358,217.47493192210442,342.3306359787617,578.9018364754618,99.21371802746215,887.7294835855284,308.5082240877609,258.3585438428827,16.90632058300656,676.6291161215566,437.0907412704961,82.24691514766424,344.5924923533098,905.8473910791735,140.56416165205366,4
26953,509,6,743.5947060848123,288.09812462565475,839.60255657437,84.62006603447347,829.3505934186448,316.58691172722473,456.9396786676123,117.10765914338673,777.8772872707178,928.4182600941402,31.651055544407612,530.7686258847634,175.12509406100173,733.827265591303,524.2481279265132,149.74158445184227,810.4476300376883,28.439637334128133,944.4270621075761,587.325642789501,845.1853529136263,904.9738235272033,325.2947533025067,489.9925707804994,788.993635134758,869.1758999526799,389.89145821784666,268.2640162237475,602.1488027233008,307.872155667327,902.0681207211437,55.15896355646799,160.83586800291448,982.7707661878532,953.2971768944541,811.8799001787395,377.2243564325618,699.696290088227,427.8734838693872,635.752211548329,669.4482323780317,69.24899873207747,389.87611884038506,358.6212759788235,593.2430214970153,947.5160105824234,337.2776786015772,557.4501490613383,239.5024664036437,280.61186656509494,589.3847136244319,310.87153101991584,738.6435194380521,4
21089,578,17,962.2732261853879,994.4060674623796,442.6658036890363,190.14368846885355,315.98631383885265,545.0539278014927,332.7685538836996,949.971957522773,883.1713173104819,393.61284490898754,465.9095305676971,155.8122833300236,404.66781803321294,891.330258671487,126.70656900638377,201.60039722609557,574.2685352793604,654.8983908867137,791.032823021613,170.79055275842504,113.07625585553838,625.3932734070576,603.8523261583096,807.44807851209,128.69882595744951,459.10547490856203,137.94281154013254,740.7367412295671,966.3894094670313,173.1221962151327,466.5225277519395,557.9799690752774,15.835180439724317,658.2522170494258,753.6595695577246,836.9770441369666,415.3851274207927,468.8282099990753,467.7908576741179,349.9335935434733,283.0002162879326,919.0610912325012,969.9492512337222,297.0143323716533,948.7244103797282,373.86498285816714,761.9186323241614,264.5079432177796,986.3393202835186,95.99618234421503,367.862634175569,137.76360040013935,827.1499137762679,4
34429,890,6,991.8968242031625,305.8732464512975,907.6551025353323,880.2777237944064,354.44787096059304,586.928990485537,633.3094321023806,472.0021598288138,443.774643542953,644.9253766234575,307.17546304946876,801.5729643154846,415.9976503767915,162.1512542312572,32.36866288475115,993.8808438508877,230.8525799467852,917.0099383562372,762.5858863796282,229.12958589304466,172.20659363044533,472.7805865372465,721.8862925781781,931.0653114005747,343.36212369033257,442.3611940447347,800.9858028102917,846.1166260802847,138.14653213733519,175.39480758631032,522.6178014837022,49.625390471463085,573.7948933133116,18.212258819782168,682.616476217521,265.65859213163156,649.9880988969403,275.50788902600334,380.6223364482251,972.9118933294125,781.987251889787,123.38594287182858,297.1135820760996,256.7113603951202,632.5983458611428,442.0750074617328,936.5698986937869,448.63013233696023,803.9359534849436,801.0323652860569,377.22444190765145,804.8944987982378,449.2174215455465,4
42752,547,6,863.639795539649,253.15020024036338,906.3714401798396,620.4796241241471,321.2648362637247,713.3036956639565,394.9726576586117,441.39340015759655,296.061770734472,744.0559121838012,684.4162473911293,259.0955844978565,954.580422131004,844.1366171907766,534.1205965820246,808.2511799173462,738.6708452143058,394.5069186503759,686.5838829183369,745.2604125642215,888.9376827255383,166.2200593992631,690.0860223344963,749.7139066496095,659.4842846210107,367.72753507251934,397.07130277681034,511.70994293638586,868.0580661548659,23.611402237143864,803.1700520345988,340.2998579241322,101.5067001161245,451.9975381081894,944.436879739588,838.6228889877286,987.6607441024646,74.90789881915738,812.126364219986,37.207266872452685,879.3705518131508,619.7636409158176,455.88402717610745,260.465456383325,533.6373262359907,595.0113507348467,372.71919744037996,526.4224720100412,384.77690441720335,779.7967110659516,433.7541967707048,490.04586559821496,297.5349803553943,4
11355,782,6,602.7826044374629,57.51310272806165,109.16753095275166,619.5701285418006,834.9830022758508,893.1045461091497,868.6571628169313,83.20023792871434,64.11056801780835,922.4464138260507,222.69942329352344,266.7372262364601,334.945165803614,269.6022645648335,419.6169114719944,182.5617983449782,534.3719251568214,538.7327683165867,114.52335089110754,877.4610652386898,847.175459515298,318.14789073812375,244.2115283742361,791.2583557589412,48.982269219591146,992.2060282465404,522.4112328635686,496.9299999659985,32.04028016276117,937.6636387493409,800.9249477384916,397.46128816632563,977.8998738430323,656.7209155204232,163.39135821196294,863.7508889447859,549.3040960634148,335.0359454549113,299.62241341494587,64.96614340575424,81.43565030719857,429.2716248533991,356.518290064185,262.12362845218576,542.0947417327136,169.01562749874023,149.8102662308094,382.49363155290195,596.4848998472135,993.8720587182634,981.0812707951528,135.38104131239638,652.2828933586378,4
25840,229,6,383.1893344422458,903.7498964151487,401.346793954929,409.2495848206844,458.57395680965965,579.0631319605291,510.8533701199437,585.6737589220729,375.84339457538243,933.551664214876,482.69652559568453,568.9880562556372,736.4087656331191,636.2032860464889,269.013775453472,498.790816629285,623.9050939842979,27.22105779373385,675.6779881922727,197.68813815951282,938.1362016217346,693.1329623184495,775.8725945971577,247.15361222745724,289.38134518480683,426.8507934781584,285.452773546638,994.9754487901606,714.2722956534035,60.810108883260106,482.9302167802663,680.8467435235459,585.4546400393858,512.5299110161687,564.1102797685966,666.3088364835274,45.50280201400136,248.90534421673806,282.0001277964992,782.2565043616281,495.95872010951626,645.2598647383044,9.178797770584723,462.28085165573975,724.1037557976257,898.1839897121275,601.7407071912528,319.210309688285,170.51369962739304,458.029786157782,76.35050972020974,976.0182783806125,287.19843342243854,4
58201,212,6,949.2351509096991,901.9522798189523,851.179411381884,272.90696864285803,889.8427064796251,739.2591765538867,211.40792030880874,728.1385409505339,105.41205921395091,702.0597907793061,69.92035148949239,897.1201827096563,592.5504906162687,536.736442222036,645.4695016986318,903.7372462074553,779.8123950546443,341.0381175463938,903.0773907427013,68.7369470985596,751.1282533577227,940.7660552554557,627.7943509922823,167.90113627582303,786.2812123478723,710.5380154364555,166.22018877022805,645.7059878004666,445.15156192337747,373.2078761909385,156.18060643670063,553.4535577221606,261.1572248788454,919.1569642280302,890.354146819921,412.23444660855426,21.671025997487714,722.352999492159,24.917348366080727,281.55472195684064,402.21728954883463,729.6937492502016,246.235058217407,663.5580864953944,782.5208609229559,476.6535447306087,199.2346806436074,994.8906123819204,1.255308657776788,718.1381865616163,602.0991999929246,958.9906338926914,756.6613962880491,4
36715,914,6,495.0413072540031,830.0923990797531,641.7962004141439,650.7053730653746,312.9704160785511,856.9853768059664,536.062602455678,640.9327806799223,850.4496286518807,381.06347755446,135.9836289817522,370.7265896533909,154.9237144713107,547.0698637696045,255.12433486724106,81.7771704556386,508.83734949769286,131.0976839566197,829.5491175394408,973.3819155791709,821.9145867648162,978.6114310690147,227.94893801074423,192.39931035757718,512.6581574573057,948.3727553792801,784.0146473144436,155.31680785327163,463.04559127519116,665.0552235179653,179.10106893661225,363.33705028550014,299.9002681778291,144.99007012373255,569.2703554474228,885.2836082536523,737.7942593050024,863.6990014622882,630.6650205052906,885.2424251398235,51.2197986039028,393.2494081144866,56.02189710737515,954.396135975779,186.88334608891043,559.637498624111,6.640279397184368,374.5354374156917,822.7235672295424,634.4452626371666,246.42034571416016,310.95950883597976,66.71927095269714,4
47406,170,17,793.5126921633761,459.54748419973913,460.3385773443892,272.17123545850063,68.67886796168354,848.989884338082,831.6459469232786,519.7489063113255,402.85304166339,726.121650558225,681.2866660373169,651.2881374992363,481.1760031354554,430.2306217651973,570.9671675270222,894.5103073039187,245.7633510936721,66.3178347969755,968.7053783140101,25.31699723997216,286.7402834069456,336.24535168456515,823.1760424075533,436.4211781312625,781.3494447411489,275.5904364857019,195.5809453106494,593.99643264849,377.0494975336124,855.5834546900337,421.5325900044038,163.78714723256093,324.5577044067294,824.286821915494,402.49111986999134,26.777999740523526,255.68559735944518,306.11451642821874,835.9547595950364,481.812691680705,275.39684720433456,804.7842670425116,996.2159195005518,497.17016384242254,106.69906775172345,52.07830815361947,349.2785863236232,394.15102511674746,145.83161359492246,744.9172867362689,933.2248048520905,411.4132260025567,492.1592247924369,4
48996,863,6,602.0730254300624,48.632172055935726,412.25607561067534,823.1452929606706,915.2859832967481,884.131370082521,588.7938043282404,780.7039595156576,348.8629725587116,441.92959368658455,854.2011222804415,369.09025338820777,37.96199893811447,903.0451004608053,562.3651829866151,637.6579595347508,653.9759788811223,98.19782460777392,492.6275675940651,10.181337813535475,48.43509120674516,23.856600315859787,270.43253430042967,966.6927436721634,902.1181373336834,365.05254341280613,605.0679259448324,117.65235196886026,915.6637786250576,873.7605128685702,437.1239050848127,540.88114611106,879.5640296155564,201.54047572926237,832.2950843562153,687.7999125697618,721.9434053523224,718.1714464320667,714.2288431708433,650.7497524800393,426.9864612572413,225.65306209013457,364.9683498226036,816.7656224967293,844.5187072408582,221.6315126673001,347.8700314509275,465.2792667226835,599.6045667021957,945.4379843100238,726.7468537471543,559.6489332524781,740.9366985999485,4
9334,486,6,706.7731563345392,578.4563196184665,770.94275263185,463.03517829337557,111.71693807219252,896.0411499788181,83.57504947624084,557.1368949648314,530.4550909497466,437.22516121394364,627.2715602980941,256.6852688871355,274.21738635721306,554.2395607545296,66.40930029342907,787.7933907250228,747.656546754473,753.7662947558056,626.9633648378893,984.5962003697268,915.0344920238201,150.58795463524388,984.9824893445193,536.7398839401689,672.0153689712402,575.3665028045345,713.0296632120117,496.97152496170173,268.6035272309429,914.512409322571,871.7681513325389,169.71872406508126,441.9407723434311,574.900384478112,994.7503688231566,63.7829117512273,96.96581567581953,161.38672048118718,833.980254120758,482.5766556535365,672.4099318414568,631.8535552665608,993.6946131391828,709.9753366345011,343.4703282394904,545.9852512915592,817.8687213113747,356.9776142601021,35.4465415275329,714.8929464788207,976.446419091446,764.3126990997763,858.28690715303,4
11285,721,17,320.92410364650726,613.9325255437666,560.6868688684998,664.4233910442625,249.9738796345863,984.4307474904485,659.2911735518093,490.83861634667016,121.22938225682212,206.04566443742766,864.8021822937645,204.76917154292573,779.0257962280756,779.8476689616555,580.3787931958644,907.1154303430707,526.7301735676209,425.64578687239265,485.16111673639097,321.94244268413297,355.3343094944502,964.2253180432609,370.97663257769466,992.3221208580869,944.7553395576281,51.765306164058835,579.3627282022,957.8964667781454,369.42963149743713,737.841035798467,129.86425590058104,72.40938417992326,564.541146141033,797.7489562317818,106.59417419122497,51.16921309050382,236.04161947844239,375.8933907730986,342.80399210447865,829.9994276119434,565.897286487374,736.8419381916456,25.51657283297759,83.06469473296917,878.6838214015335,724.7472208408703,133.84364094877012,36.91873825741976,622.1680526349821,380.7436411297703,627.3453554581841,904.8756956846291,976.508152722176,4
35600,300,6,683.0860394645346,682.6403514253461,56.876523202543105,927.61641227032,418.50159148450297,907.4837116485186,137.24598284426526,951.3862399221154,34.341899167940504,39.825803726451504,533.104687354746,430.50170201416194,847.4648274695442,153.41337196636172,406.9820966681392,176.96686009281802,288.40374099768337,622.1530102421132,105.35929194560967,647.6588295217606,168.21318973915257,283.33725470756565,675.0131560483486,918.4649340986709,744.0055696338821,498.47232380491704,161.5390177628877,885.554434296871,259.0344413816722,542.420416127588,498.06924848999023,474.7719994240979,277.6817670520725,411.951932591208,149.620577097076,899.5273566291144,536.3194007138056,56.552158786956184,556.9972767080698,355.39310077873245,45.871144061830236,192.70934675455487,659.8425801453926,701.8638571914216,588.0631535004866,868.913319473648,701.7542565397151,493.18082760962176,538.0205791673077,118.78306790591564,727.3834813924943,886.3814229265532,911.97931274395,4
51878,166,6,142.935208405245,78.00694408581899,231.34069537158663,726.352151371706,458.15525113493413,480.1132307391285,50.5855486680088,711.5124086558859,935.4336003038708,902.0299857308027,135.15980453665532,744.8335517152246,305.66860198096134,314.15813643581515,539.3583263830016,419.89319609641706,319.1664665510262,21.96001305494766,900.3641350486722,747.4597659938302,557.052791396826,30.492950416903362,230.59616653856074,303.33089057390714,161.37126882668608,547.5108358652802,262.4755443604879,115.78935012502056,338.5897337265188,191.08383566045438,714.7230143858808,765.5572067676607,377.96226710075564,690.7535746108572,166.00301096849745,249.79376019676945,550.077093204016,872.8947191144523,963.1976358459322,826.7147459863108,783.6454334411359,503.5295915272148,663.5390130048003,774.7338867319659,37.026266790329274,416.93504712276876,602.6839939607479,301.601983534012,415.9419616450323,367.29214401095464,931.8444862150126,952.3140955378511,412.7350135866721,4
11678,194,17,121.32481851012467,724.3159077212918,289.82715689562986,61.7765880461999,426.627201325118,181.9871878412277,137.34684937077623,570.2993150248043,514.9022945301557,524.8210351358904,378.80946850791497,677.351363935743,729.725762071513,293.28458881425826,927.7225954228446,721.0339193495842,713.7342590203009,385.31207035709525,709.1319055839818,898.7004570733193,989.2167592771391,420.2888726123155,622.9124747390725,236.42664897797582,642.1171618583058,400.31070086256835,881.6865096160562,595.3792164862489,521.836201671702,877.9122337001539,439.5533816948619,285.85725139936915,726.1390627707938,616.1993042900627,820.3635368185497,476.91366203710515,807.6059423958193,172.66200835808664,544.9492815891712,724.8555307251828,309.39272212208834,88.27296289185239,124.25071481726391,874.9932346718535,358.2201038521934,222.83707007829977,773.5327135162553,71.9085188704417,18.648213735773965,691.6826087593643,62.329731313204185,111.54652763380312,651.2254523957092,4
29110,985,17,992.6292124642865,543.0282791825682,195.00833474003576,219.77730839997733,625.0893559430029,946.7715516139718,263.0957237473118,429.1550083978778,355.2923826779792,849.2180459372988,519.1988847363917,409.1007085864946,564.0087735049265,935.7837827256894,182.03797785899178,541.9999252249245,352.1178569518505,893.4608913335551,766.4842938203487,762.1554184491777,72.5581384289683,361.88674940300604,518.3520359416452,80.17325769017414,253.12093454599284,623.38002895306,426.16868663492704,894.0176493598874,330.31107073959333,287.922175820335,32.14767942876018,572.2677346810789,360.3106822271878,95.82427216865408,415.05809349879297,186.62104014025428,758.9420536584706,812.9371406595889,131.22513994748763,201.84381896516436,43.29859061542951,793.0754644055253,913.3572065581161,714.832250707092,189.16760995580373,512.7781645192321,381.0243150745154,910.5580741826611,642.1864347255361,397.81130751937286,680.3349981200448,18.341884298474277,962.4357284248362,4
43360,251,17,582.0820013410644,256.946992136772,210.87023868678466,74.15038857690159,37.97930569915253,513.6484511456728,161.7914058615838,977.9708659298752,863.3496869840407,312.05316218331427,53.34293466830009,123.96897865490398,538.96137558087,796.3341643983439,97.34124734023186,277.83817931528085,179.06526302099434,323.03830081295627,309.9767870456428,533.367132766297,115.78886348379346,986.1637771887356,488.64020662305995,735.8854546365138,409.3606866895606,791.2875743373476,285.6738347561082,512.8367483862551,847.336601133279,212.1595580659682,362.1318460382026,218.45920062939393,396.1651098713469,898.8248494286753,796.9017585270507,831.6344262205206,840.3920270354816,169.50978164240516,77.26292536933454,898.118326210343,585.6936584101968,197.54690996157888,784.596360847678,845.1623573302027,362.0283872282052,344.69542286250754,881.1249707166293,805.07105946828,477.5463663109755,236.68177712584892,325.1566158504029,732.7395711283046,872.7378773029436,4
32561,879,6,721.5053849172691,806.2753328238384,688.1947546770061,898.8485108180344,457.9884001458139,797.0256166165843,354.2723714955369,793.6669498939983,477.06802573727293,162.3940747959739,283.6816357497706,432.7572046796565,89.615030967926,898.6335847479531,367.61940574607866,133.90134255856734,762.4512693825592,308.91141166017565,393.2434034039868,92.98912203556509,726.0792102360606,281.40662473594824,993.7513247108368,569.5507475126062,853.2227133387606,318.55891180367047,875.7672347307539,939.9752489279742,782.6889073969932,502.2476650150939,0.18046275315330984,517.2760716788224,613.2282454664612,131.26970028242036,496.03148321419064,289.38123645988424,792.7721269294927,602.6097798332105,338.48173855998164,235.114465143746,617.4648501865946,150.2389304511913,666.1067127768924,813.8959886956287,596.8252069810452,390.22429745859654,162.32071021271432,513.9317474683357,671.7458481161988,765.9175457367849,608.5176058974389,419.2063658862839,599.5186631499615,4
55594,574,6,463.5077350326099,899.3772295569197,87.00904226948857,985.9474673471613,774.9213051315916,937.9840557925718,858.1135489705784,883.4022033204735,379.95743034141185,365.3664484512573,509.69553372276135,807.9153506156692,13.265182988829727,322.4410083407838,530.844396149967,917.2529260442244,142.42289881918757,325.04616230047355,565.0597886971436,406.0396913603117,232.74698416701312,232.20002127673888,54.26804509044037,429.59873098701564,872.2158453065971,791.9110353274236,39.56762476741693,814.4357175892566,206.15960515520848,504.4462507357569,284.64734610412256,73.91795896424736,365.7695429523374,206.45527806688756,150.20417158632682,577.2378398801187,566.008077397782,783.3259286464732,949.1700484875419,774.3303355687029,631.5527366564806,62.721852892481,526.8651673084439,314.9534485781412,188.5037304997579,856.1302952608768,340.7307275145336,330.42481131763924,839.5467721492323,669.2945900111109,41.769049674355465,964.3181629731099,446.71115826729357,4
48485,275,6,919.1098327995786,391.4656913271627,533.9129526031714,559.3198849372774,510.74705920488526,955.7712764582295,54.494353527172244,397.6053068202803,236.95329101283934,821.9943446987198,321.3471979116611,973.3079851142763,825.0824160947083,151.3668754920393,642.6836308305133,251.55934767743304,516.8244995043129,359.1909538218764,649.6803205396163,88.0924341804763,504.98202881630385,182.4301396789615,274.6481257583978,543.0209886967929,259.51661712236387,853.917473034189,824.7235245935104,612.3379582509118,860.9335177083209,41.82006653681092,167.87427420191793,907.8971008806196,115.73884811060475,468.11898190153954,146.7868266423611,579.0999324910514,635.4062371961408,428.67244300406026,191.58545952145113,901.5591584193199,722.734411556474,95.3021218747211,773.1677993995344,835.4119234191493,393.15039246024753,631.1471263398677,511.061657794606,382.1269198466677,919.785254582618,593.5637517642696,736.131143180764,487.24201233367603,527.6121917866506,4
42654,891,17,955.607992855973,988.7479159943077,627.9771379959033,220.79166901060321,123.39277264953385,49.670522159773526,498.9448259275311,669.6073318769603,175.82610719714742,942.4580739878827,364.8620305600736,814.4164154365907,997.968838988503,285.3785565278032,857.1446582465071,168.7715250397236,362.53062978734806,412.44854519422734,135.28007954580633,110.87844850522188,518.8090367573471,226.7836489601288,464.2834494360517,434.98450543156764,938.7854228797707,971.2294391123297,799.9110846747815,803.3182286706543,52.94932024640442,493.97757452965106,799.112117729759,644.35994104722,67.91511065276457,362.05297744069685,72.3943679218646,969.3375214893409,774.9729573138386,360.04129695080235,173.95708737455496,290.6232695364692,624.9717274867264,463.93630649874854,782.5002883635896,858.8953425011913,339.93378623002116,966.9728668782533,735.3995771397987,324.5892214878242,24.71546888894782,425.09853958464674,213.9937380817797,245.92718650403867,454.5146498871764,4
63254,204,17,219.5551162094379,346.20740958601846,636.0456819866098,620.8424424542777,573.5676992016699,110.13376887132031,878.3617650797249,744.6916748534196,953.7468238522304,228.5490072442451,137.53273529957,294.9447352246768,721.9281555539656,864.3050669664385,486.6011605803238,722.6907846880739,799.6312413615027,126.15209104701164,203.91203249033174,130.84024134833504,945.948275388955,271.1551655680158,805.6076774431273,616.1008428277923,914.2040534833687,644.8007781125837,153.2694587930926,550.7035499158235,561.3432923793356,427.5304877476118,503.32633012656504,274.93648973387684,213.89358405170745,119.7098878207935,89.52811549667494,325.57504602590126,306.28456367547466,694.0675103434776,626.7812832503777,781.0927169628754,75.61749862073863,460.0052767181694,166.4553905274865,386.02402318019233,572.2227018448092,58.079580448611836,74.0285593046821,29.64952153033917,365.98867741203156,401.55962787862865,649.871774621915,830.6199301055657,518.5617461664693,4
20246,188,17,78.05198025715654,400.76365670245093,930.3249460600927,1.7052333524545382,972.4055426527077,922.9530159828475,285.12904471407575,208.84044477925744,422.0608510058635,617.0802497502301,475.52317215918936,259.95949669066266,72.11077567300738,683.2976676464916,789.3595625955975,546.7177497351767,486.22848559775787,36.964019276225834,710.3556377220011,570.5285044271612,424.0806772790433,176.75298073586177,376.25944661939195,292.1376600253171,494.89278317156374,421.67617959637613,681.9787070321,531.4267370560161,843.4730495288907,71.74948411460214,20.5589187986982,626.3406329299414,832.1502216680854,371.6990110057089,703.9911081127485,469.3671344526086,562.7664404426558,691.9479905061862,538.7131624180664,819.2238619721116,419.89015522032145,367.5749165388619,139.03093146576373,74.09785896612564,499.4134826112845,804.3513642205623,201.82475194430205,113.1106685870441,27.58427349259973,191.05846829479833,18.049983113343938,743.548006876846,419.8526748361405,4
38075,559,17,715.0412267308303,773.11268330895,371.3432342265438,316.0778307801807,878.9871329495194,522.6985493351171,107.26237916045878,566.0636521781146,605.4486675566603,336.5624739724381,500.1629272790322,530.5939021973472,430.00017552610257,714.2097808260792,726.2316915405572,442.5911487614397,466.98957494712914,430.8107458256537,771.1082453749493,110.55183364625476,596.7269657461181,71.57054560576714,180.49435497670774,787.6621570674076,177.9848758304906,311.90630450672353,666.7964026601504,937.8329098231682,479.72162573624223,468.32301667711874,317.394573783406,324.1774820279584,602.553351125982,911.739500939028,576.0833396341699,776.6313848484862,389.11702119277356,141.2506415718996,457.52330649883623,264.329980357815,347.91732055490877,145.33183958601603,31.049853724733566,22.81470895924087,597.4855563529931,877.1678091219644,748.7920814919404,120.87183490875763,909.7376945729438,799.9527935894845,276.68866291323656,202.56065729815398,613.0410347287785,4
11140,311,17,68.7541823416452,2.349436071454325,386.5005266280818,388.37988464198867,912.5782016026852,652.3298805992794,891.2652977507587,89.8060509034031,288.5950904665775,12.111436218789962,341.74235261228534,910.8433182892626,88.5683535884646,941.1879656923843,82.97858680998571,104.73844384200103,933.4787081231945,105.84043134271748,982.3419402550074,642.7396336476892,432.84918785608505,131.6030288502925,510.85044142425915,849.6772483613637,851.1579090666258,949.6584966484169,981.6189044471445,249.68551675379348,583.0525614304839,262.560052385992,362.1045621994283,76.71111482041792,752.6917493283663,542.1130006620643,527.030020444321,770.5466883746354,391.4638751168827,567.3623505755083,724.7429509385205,468.58475010101284,376.0002605065001,758.9648938103247,113.6526094466822,436.11469433589434,478.63002088760175,362.7298107857311,42.321471012688235,288.19138031773815,365.7450059094183,718.898203167508,420.97025676388233,42.29300478169162,903.9176933582777,4
2420,880,17,867.7825608658882,132.05669545370225,17.3942203956311,621.7664500545009,196.08749164338224,22.588107508342393,825.4040138174071,452.63942496299404,500.6321125526193,720.2132353548261,633.4593028979675,199.9617324767381,509.0991680123876,200.87552052177392,694.122629111066,989.106708246291,413.5840434096998,971.7109051849299,597.7437664327272,494.42006490935677,923.0503037932845,580.0824033725802,100.27152371408765,245.5202265208135,667.5660761476438,496.7800464311364,209.51161408613305,144.23376474929296,172.3034786225831,699.7372520079974,282.12127004629264,621.6241396493596,346.76510191432885,979.9210822266098,51.36470983191111,186.0588469906328,435.417911599044,781.1569682150038,881.866853989839,518.1784081824063,159.17155520257043,218.1597631574026,91.64144234160243,11.290513981136897,834.6962701823079,884.9929528581898,30.73111227178005,342.9387637807153,383.10100258536306,92.33273294957189,156.77504573938396,398.620966355831,910.2640754984608,4
4428,968,17,316.4191237005494,231.65604780296056,477.88000467506765,115.242651919083,874.8269684206838,990.6527421687564,741.6622299540197,55.68214670420868,367.1466086200341,339.1234282009451,689.8997757928825,787.0421972773032,690.3239022596674,204.43695721207,511.29826283328947,45.359210526195625,96.21750718605881,618.3370896319188,642.0262114862904,237.996622043672,750.4732716911683,382.55382137055216,847.9130253005831,568.2065084604097,32.29064442772744,127.109272860229,978.6870873429855,837.6867372528743,700.3179992290294,252.4657193017491,855.5916732811655,221.607446787922,670.1406261549131,650.0567973968688,797.2203012534079,996.7017504377876,768.4590679479752,749.465094964567,647.8326160334348,900.8140216123692,501.44315623822877,289.3875139037051,192.1677109326273,689.1856327023598,535.4053106587091,485.7192093202387,902.8872594407568,210.39321783290754,191.75167791379,600.9535419391134,75.23539461606265,147.9907447047496,978.4626917904052,4
58736,794,17,962.9614614099964,526.6228675264061,511.128408120376,911.857981713916,417.37839417986766,800.4615114063747,990.3654781978529,306.77409703775714,197.81649959444115,587.2095107711632,741.0223366006918,123.64263015826793,68.1333715514456,301.4429642782498,183.6616282061967,834.6616880984585,195.31453516413043,586.7761421142416,155.73339509493357,376.83943964555044,426.25550057822005,391.1990611869891,348.0455692773067,522.4349919564376,428.6002833324659,663.2986925270037,428.01344927073427,408.10564821101383,75.2995509978306,242.7411845390991,309.1055998888987,553.6595249807996,992.0618137016864,578.153352569553,839.2391958783244,424.20831774286626,383.06492743974366,563.4708921272621,287.8588291992613,660.2136839261125,755.7161254981673,516.361775977007,753.8535877143762,775.4104685787739,228.21726813881804,547.4067635068483,835.8659524941952,116.99369848784269,525.6719096082761,204.35381771865812,725.1484330504778,706.6401701832996,497.3774268316148,4
43115,584,17,370.90681550333204,80.41444210692983,856.0165128917109,81.07873006545097,226.69413509361058,61.46521496115209,717.3715472469031,67.69409602581821,237.88527821106786,552.4284262926359,562.661135248937,901.9583873946588,856.9460882381612,942.8230695223715,103.5467235989137,590.7722645255546,317.84791009187006,273.51014839031427,854.9596654875411,324.0526352560649,510.65262551760014,757.8892567135579,679.8617376398503,701.9638160464185,847.9853022204185,615.2338502910442,724.1251005682159,67.35123111211027,517.4879092982908,480.03613791988465,436.7452102554988,971.313433936371,568.1015730809074,326.19968825879243,367.19247386883626,755.1687218761908,29.47819561728071,128.86006803368966,108.97203774322661,893.5659331527246,360.915299684479,789.6748714484435,224.13882212522262,529.7980606700529,759.8595349918777,339.062346291178,883.8874465815685,23.89155561249112,694.5064576406868,554.3049940357754,642.2170617370346,63.802555053026786,218.47517499918746,4
49270,59,17,187.13391295346204,586.171055575298,865.677445703871,698.4735280565477,986.1675946479586,446.6361373957822,77.73100783860987,615.9075838237294,765.1091717922972,450.6245144462055,374.5218241004197,60.09993902722921,167.62380435296208,301.04246988324957,212.76539388069727,733.8800655867165,120.30545580534691,833.3103972912958,981.5570642800457,465.7580279762677,579.4635581721046,907.7049393053516,464.0975615589823,932.8282449625584,490.53706806585205,276.4991702039786,951.8162763064486,586.8687859700473,110.59487667562762,406.38316911806515,731.8549828234694,225.29211094535006,704.9106569695681,803.49905338121,518.2847836349823,319.13051656772626,780.1079299272493,842.7296758314174,711.3878916673964,260.71040180410256,13.371202149302764,228.94121137889368,866.7408891855872,385.115550822549,609.2849626211154,963.2057517274588,896.3916800070252,247.24093769369816,523.2951703457201,494.4539907724984,471.888543879459,567.9726183871003,42.827747331321774,4
53738,710,6,13.733609211149078,117.0934299465931,140.1264688320022,928.6059677441922,352.90584423513894,601.8868236516466,886.5080744395307,446.0023175904455,184.48817696060405,556.8226663818964,65.31156178557839,167.38095434361566,955.5189046055838,901.9123662438742,135.10849989908823,440.4300862117384,586.7832812923949,213.432293671709,974.7439553651552,81.03211989635861,758.8734739631982,238.26669168431602,19.22523057117398,91.82312494271739,501.0268447099722,267.26464821069027,481.1524916379525,558.8573369395423,710.1225607926219,268.89274697640207,652.5360989303962,269.80012019653475,29.447738905274747,380.5237440219211,772.19118020799,656.031918570659,118.04980300622448,790.6132582511242,217.914322239361,520.9536528986202,230.05835549205733,329.6082252294512,441.481768819757,316.34157041928313,554.7348624405952,794.7996066316175,53.404681816234365,558.4031204391936,820.1563534472795,439.265194380262,908.0074095952044,440.9101868764078,198.3453380161847,4
23608,1009,17,339.6849908343569,454.1726163571494,198.90440690226617,773.1332485954312,426.68768876122266,457.8280481886615,502.5175547214685,571.0027021292364,900.7784617971549,885.2857123874248,786.2648195735289,986.0855248196245,576.6760932051409,418.37176678579004,357.0726885859844,765.957197933566,252.77450889573018,366.07408723335413,494.100541460498,445.03104409519955,517.3215617738671,93.69601789762028,637.7193476541343,756.8017518874083,524.8602979104311,165.6735015496067,353.06806103102275,385.7270119707934,2.2037422699665576,979.5809295681042,942.5074101760275,234.5153817976623,227.7299364455544,935.0062563227644,543.293061298011,934.7637251966416,157.1509132851019,248.27898292645477,903.7123727186513,530.0293784179669,210.25501537910185,700.9809907934433,445.8062122818879,178.30712491703204,815.5701195204975,171.7222259382386,440.74668296023066,700.4539481022209,276.9717358876079,199.78491212447113,303.27747266474734,927.9787319765717,26.957438630004326,4
16680,648,6,403.6825780697957,399.067709188317,965.5509500035223,52.523066842188996,104.51607322866307,904.54291839016,913.4141473044696,162.7385504557556,78.91626931578178,373.5997845469693,311.49437659570555,675.2116682301378,912.9491670343937,916.5930056591664,980.9433873976742,352.6555572594414,739.3253464351158,878.0046482167501,511.1891212844465,190.797029485972,500.00904587680486,260.7597975154262,340.21288476080736,473.7950153068211,573.2673949785167,573.0180561928526,596.1556608270162,243.30977234411267,472.6389685248855,282.0307676274875,842.8467130790414,909.7384813506743,285.4415510180769,509.0019699301834,216.89583505176878,47.32886649243417,77.09173096311595,78.20931093954442,78.02307960553267,786.6582143508915,288.5577640264411,345.8094440770745,840.4076512956763,426.4818375127635,101.16351682230584,347.90815568943145,974.8664380556543,971.0280442941473,319.57542327153243,534.9424137577768,258.634476845657,582.9176582111885,937.61595278942,4
5939,73,6,567.146972514268,224.16384008987868,984.0937610824026,389.0354601847964,544.5641313211796,792.3979242672391,251.1085662195739,418.89246411756443,889.8405128551642,791.9732806286366,636.6221876932291,186.92210017809808,181.33527018926532,257.6126698833977,929.4103097229577,912.2618615462816,676.3436018975424,18.66430321307455,182.5002237708666,888.4473490183574,88.26757006586871,838.7532976661669,106.59830426328732,570.3041137041877,726.484626534827,758.1401974017856,434.74514640388276,960.3228803546507,345.45658888801125,793.3386261061002,270.0875001874484,169.2079144560975,515.6495403170368,732.3058313266528,572.0667592053131,560.8659367728751,430.9266038975964,831.6120654848515,609.0210120160594,779.3113880786599,330.4079843121748,652.2849555296277,626.3132800776276,817.5289291504507,301.16212638824436,901.9972276877145,976.861590032865,812.1322450475976,701.0887197775949,825.0028884411402,102.8197161113491,579.4477103153783,558.6946646701964,4
11633,303,17,356.2592950804564,813.9863955657071,920.2812907659713,820.3322627073022,48.54029766902479,668.7840011505278,543.3173804924472,273.7611629088705,818.4478840303361,363.99288766243154,16.65447133147491,127.50013275194694,554.5807476787692,900.9320197498602,484.56168010274445,326.3102733066144,545.4021934476118,260.36417768201414,544.2608396937773,201.9142050996481,273.25055102341867,542.047552722066,973.895753645789,140.6226453899192,784.1450870416136,121.05923846316946,72.51759923338297,706.0779039002044,442.9833309768121,192.09471119369903,466.0690176718253,861.9427872138061,256.6546139044723,828.8983398000479,204.95262992309827,589.4084099299602,360.9481383087897,231.48065180841138,697.8980528803636,159.53294496641,509.0577327385115,763.9470835032898,136.1249863131062,141.67644018311609,379.94675024432513,371.2485873018595,888.4631625625739,285.0063807252747,382.32067405717584,214.2046218254905,196.4726833552466,849.5878339429954,205.84263237657473,5
42708,71,6,114.69111244102604,781.1479384066613,509.70937489074265,400.5182556588463,731.331428706997,579.1038889761863,747.4921400306829,727.7123018774929,586.5504830681394,517.7157770150524,693.0003334657756,629.0190755486369,756.2448018313011,510.6047801214685,394.87466954011006,505.64869608784977,343.53644658458995,423.23063079646175,590.5806903720342,300.8589433941259,114.88450451829546,439.00076152845156,992.4216400911477,217.7385531933681,978.7523795876743,192.83169960786907,846.9770585291444,975.3060450575116,849.1507167650749,35.186828811373026,695.4691106533501,842.3979741438254,260.6648484886441,366.39654727790304,130.40529622819673,227.88529713082707,589.526984502813,442.11758597063243,157.88681076852606,201.1444956420162,244.85075989087957,594.6789612380495,739.0057954579729,950.6799930294129,234.34079013222097,278.63963304222597,576.3169878363759,814.4182402316508,69.81099910932164,128.5793605086799,632.6021847498481,589.1425212196502,30.718838096832513,5
29629,957,6,698.4243604393888,179.2470757785597,174.54988946148896,914.9393607945458,807.3169245456909,928.0220884195223,383.86023496961786,55.558198285901916,23.37655728823329,929.6657180946917,606.034613932264,995.5033864477881,163.46457088244148,482.1085457673477,959.9642405482532,98.08038263096897,289.87990193479874,629.5993932886959,999.9611039122578,179.73934706301142,412.81872318114785,635.4149958164265,560.1236516252329,394.2821586699564,106.3803988206804,328.8338216884473,4.9231683339620025,304.76913383269357,370.5364619292938,766.080458743247,652.4349120782822,443.4713076046933,124.42208941446708,132.6720835666758,538.863864826806,332.37979281903665,778.8391766612217,750.7808011908477,354.733841592483,245.31074348039172,984.5822907263474,867.545665004504,632.1712083770451,504.3377609824785,925.9480375384452,273.26150211446685,989.5621475617023,193.74119118069964,651.7422453225562,815.8687143086532,361.2191524359477,60.068849259370616,566.1577804000383,5
16050,418,17,325.0990488084844,657.9801800791018,457.8620229137462,72.32398100171966,397.3754716947535,681.9413471661321,299.5121185982814,533.8586217178023,217.93035124149017,184.10988180810716,450.3028469230238,572.1613658295901,722.9502354735297,516.813833880913,927.2149312798408,250.8297293462687,995.1772353175494,840.6585473397881,850.155892248915,253.51149538111673,423.6787632286353,921.617669971272,925.5584991733326,926.6647455455725,343.8933529884758,332.97846309549686,395.6806518313155,246.3194084473711,43.93048224415386,199.63781655876522,772.9693799069735,50.70504938967035,616.9571924817386,443.24071805046384,765.7382571733687,602.1533031612015,209.7281239874549,466.0904661795048,207.55757249570817,862.202562774126,15.271976249910058,204.23210586377394,179.78150965368755,501.63147398626893,133.5729985488905,357.3927810915467,54.76162803679219,152.7200946774979,368.5581768107984,2.4977192929653835,287.4832531470496,306.5025267800845,855.4468766664852,5
54712,781,6,410.6693427030911,91.65278559608736,283.06397145625925,15.473882367590729,267.0575184568307,707.4694082556563,101.17636615869385,114.84246486998451,599.0980437329932,500.2181513551184,973.9850368641323,328.44023045206984,406.7108290620773,879.5198889300473,244.65006960010516,398.80890513253763,496.0561193787687,861.5073985546363,402.6252542920013,562.9738981506125,746.0796821908906,468.2863518040384,183.6813942522657,414.11583434751174,748.104980377595,697.2833267306798,264.12373822392163,992.4820167616474,779.685002643559,709.6785846313993,340.3876285217992,85.75028797511341,128.5944631147241,917.1321969330827,409.1541367931824,442.11218743821047,464.0708910169471,735.3624933240694,876.2707566641388,328.7204794124543,638.6032885875837,405.0484788243789,742.9683968755264,157.25053984611404,696.011703799591,643.2177172330908,694.4689034990346,152.88072840442769,387.4464493641061,20.41043626617478,549.1736072998798,806.9001634898333,281.109486813431,5
17521,251,17,909.9070314405374,861.5619546386366,639.4301286804213,138.66317849329346,172.6088512412044,925.5161550922982,796.9311913994488,271.9413184045301,66.4710501220488,314.3192604325422,665.9233351508191,67.69275389749663,781.9941559259505,475.04204567669717,446.84259569485954,959.1031296598044,411.08155647872655,458.5284690924226,262.9296975142579,17.426430133032135,834.7993780458895,258.8649225762827,558.1185263353547,296.2316545034621,755.1354844464731,791.6510487297268,585.3261099267245,415.74956123517546,614.6178043180197,776.9395842796418,234.81062276970056,47.64227095428841,128.7580326807326,431.10451998219025,899.5588089243473,761.1682845903531,773.3750395438467,544.9902910455652,467.12423417355507,398.477286742978,52.84407107227651,158.35001776425673,361.0822846520818,981.0132763704119,649.3869620394104,517.2844268273961,635.7862121980211,802.0904911277308,754.2651228059871,848.4271817659898,951.333314528193,410.58225016273263,773.1603501942187,5
46081,205,17,153.8976764387966,310.4467029563359,100.48712735006526,52.72261949490365,55.61567257467426,319.18882235618327,822.2399500274656,51.87459353842539,492.1624926522552,628.1233769291698,203.46184591875405,308.6665455546982,530.9101676485583,609.9719649367447,876.2253343004758,927.441664332197,398.28603056911794,183.82743126364787,874.5102558076894,60.90083829041182,825.0224446568001,134.0168646932519,837.483687149596,771.0227153955575,451.02290386744346,86.88952944869487,257.01038262114673,577.8125290973745,404.9239891249192,94.06062621617195,740.1403252674855,663.8127551224,508.17357507150683,870.9351946097304,826.7909224459208,303.6013785081659,278.3904708127064,546.3884739487812,602.4306244814613,618.9889105230518,925.1531935508538,992.6865724175412,177.08400712019412,732.7134928198442,768.5012726385156,494.12918087621625,724.0418158953896,840.7072050047398,752.92292247465,360.4392006833971,634.5529229033489,704.6624643329919,572.644801501875,5
16993,526,6,143.847422263373,103.06414357187843,663.3316515488053,670.1237330830107,543.8771412864568,994.3878921260948,134.5510068803496,171.09709579762244,549.097694097087,724.7674333958735,969.2440816772973,117.50036368324734,716.6494610155254,981.4882747629748,534.9357661173051,770.4029350994056,268.955431938199,375.56776815721184,441.49868059612515,236.89136432338498,101.65830928907526,202.93654089653467,930.2751253737574,825.7268829362066,124.48174750144658,27.02547468195682,905.7910915484136,278.1167045301296,376.93294291587995,305.956267642872,724.8211691949882,904.3503981975463,311.5402083739219,689.4076016418439,674.7709089138697,795.488483163478,58.68803499968011,902.0245070576875,492.48616102025534,671.9073770728953,698.3741496016971,815.7727747701365,887.8225499479254,583.6290108790625,260.2597017371393,556.2548424164158,300.87299690892166,144.22435927394162,221.27386062067288,41.400456101858055,76.15483869379969,297.05401800665487,688.686757937779,5
53665,944,6,550.4845740604856,903.0845472932219,816.879660904919,370.23163320035746,594.9164067462001,962.0353285766072,696.5857776424217,364.91366652806425,70.9336805837586,358.84589660404487,361.33366582243065,960.7102543165802,678.2730624694236,659.5638935313204,72.10711772223665,89.83912641324888,913.0716076825457,198.14283129277322,691.4386365780433,199.46263549021438,965.362305202503,459.8129512648619,456.0987131810146,471.913386323317,387.65113219764993,824.2822263773112,520.8637118529858,76.20219798904748,266.1454282596758,187.93707716379103,105.96037867115538,595.292873252443,565.5408992509002,85.05412019224235,371.24690784883427,32.60407316029556,943.1281463793007,858.180885140649,23.746121265773247,567.0543695900898,910.2939564514958,451.5296915760396,581.3293536183132,331.91845480604456,861.6829370664544,523.3206757339142,676.0722800572705,343.3549894315194,174.46610602950497,988.6094727458589,9.851350904563239,526.4859457534759,897.8335205578414,5
27902,341,17,579.5784163456548,963.3447776262442,454.4925337756408,997.7027643288374,529.3365068656514,978.2959722151255,846.8882672898172,566.5182951680245,523.6050167890353,199.9255528107161,640.725667069052,149.28069494354534,322.4013655827292,720.2974153660314,463.9261803434016,218.28454695646838,17.019425124360055,87.07933960153002,274.94195905614384,981.412881989835,627.967476790582,822.0001855536146,324.76711144141655,888.6843049298246,372.41216748857653,133.78027786079716,903.7507235892898,854.8909948210742,902.285790604896,948.238424019766,375.10579366655116,486.4604300959326,760.778739947869,868.587351031239,758.3121926952192,323.3620507492214,177.05095805546546,930.8879788983849,787.7463005808252,695.6433476773749,322.895474504976,214.54335966536075,768.5841151769363,437.26731225043426,740.1054731355676,294.0539354390036,63.48352132891599,87.75956745042646,144.4572838124405,446.4598285715208,888.2087939498555,241.35623616160694,608.6863467601845,5
53738,295,6,657.3792270377926,100.94448223262576,113.92845890742997,145.1937839345785,658.2306616398304,414.4053766101325,423.97788222139064,915.9885067282061,790.3738858518672,695.5813028573995,748.395630265373,778.3127041250943,283.6916402325641,14.900386071948212,772.7569921638452,927.7016029156106,982.0606699282031,671.687352908952,759.3427822648683,218.38467116625992,541.8564934940142,404.2052011847187,5.4660082911194285,813.4491690321485,650.5156550225802,754.38186971823,13.523120588696314,527.0516363434996,512.4277188995243,267.57978972617434,475.1372468901166,502.6756448747304,740.8265785235465,638.962552822575,299.3388146374304,724.9303710928114,461.7401895764649,979.1717163161708,731.1115881769091,413.12277024804865,389.0038687158673,699.5360352257928,623.8427502504388,299.6336677796906,162.5806835382725,157.6341784079931,377.4901855241446,113.32764565234766,784.4446213673025,394.1185075379108,729.4325089357898,908.5201071375903,489.6082732196827,5
2632,627,17,610.8911011689048,208.29922537510538,36.20470286168764,17.525846834724025,587.3992747314708,623.475592534223,79.930863188439,851.5689800150466,498.3744336531145,843.6968764941192,37.17165917385002,149.77691718317755,731.9510368552317,576.1621595502,723.5536895214968,28.58537961004459,390.81642392981905,724.0993564328368,324.7620388299858,866.4666110684527,806.0623129481698,145.28917562478105,639.8087076941237,441.92695723770714,581.8378281875642,770.5159843412276,458.4233222740344,294.70001584645644,268.23001692997207,925.3457819985315,727.6465073191333,829.5580036134012,309.6769575083171,493.5405480156376,573.891235430403,694.7103778945882,140.08764127321638,523.0229872423307,835.6211377617957,542.0967200891027,886.6875701611783,63.833917591511245,736.1976017474228,947.0507850575713,705.3422296753424,928.5345831697546,42.72731447569444,850.4474830842854,3.2913941430364746,732.8339678332792,588.4412931657706,871.6818252171116,674.4074863937652,5
11588,125,6,229.2711514554614,105.31719075370039,216.85653354611944,797.1410437879381,879.2004245330309,728.96027242354,933.1135413010908,820.7053034999651,79.38028059191116,844.2121932270293,718.861345064862,398.9459949962326,920.5635642182585,944.4404193718681,771.5974538295773,661.8663374536596,439.15240026666913,593.4026082662161,622.247283877607,475.2242800633848,652.4182256156668,993.342560357754,872.4495064447166,990.3408306059059,389.9746261813959,469.86760662284985,782.6140550878613,449.54065155959876,493.0387450997071,391.7095568221186,574.0126073537563,16.508332081096142,240.84375894597676,444.0364606609529,431.65919751166757,941.524526674478,953.7915675507965,555.136740725548,922.4446025738004,496.2790065659263,667.4531721883279,634.4054355100792,930.9628366056085,944.8864992990807,37.46849750987125,152.67552445486476,604.1278641306491,234.95230733647722,755.6344704344152,737.8965899098407,919.5132612436461,477.18668751368466,592.1403481856187,5
53301,860,6,948.7463600373736,994.6680749221076,795.6584019180865,78.36453832995983,805.430576950879,492.6367857297594,245.9309120180493,738.8921128777857,571.8533492849808,262.4734599598837,875.4621291348352,179.1696625991408,182.0808704641448,978.3883509790463,446.00605266004555,242.68448606836756,606.9999902117396,643.1277639131473,438.8983077440729,914.6807550934582,468.4164161378884,396.94542190816975,751.2585216830678,55.29281474810244,604.2637180111353,944.6661121509477,719.055571907229,76.77660009946052,917.2428375357485,619.9286939734993,462.20837229265663,446.96001274274835,324.34368733713194,996.2527902341888,923.8524688566503,308.0053292146343,550.0901568887482,402.76562590583364,274.7174847958973,485.26791335600416,542.6046108561723,669.657844065439,39.620560526584136,80.0204211802017,384.05867937949745,791.9995443543206,187.69502940127913,925.6621618921537,327.1015444720472,259.55994981951966,821.5904205891544,832.3639456952851,71.31190196399073,5
31825,799,17,270.3297906983336,65.17208865725954,759.3972117872084,564.5220086178442,154.9079533562261,349.06680360816887,435.85454093190623,488.70202663359055,789.3890352119296,115.63409685051174,982.8992968746986,546.6183816981816,537.8083763813307,876.3835607409605,630.7337651734435,206.51932572248387,641.9701035370783,553.3869682747521,196.68249492639956,239.68489440809358,286.0129405117469,623.4987603119445,912.8022012893119,791.2757290930333,797.7150480038547,284.4312702941884,310.9033964116459,918.6422146234722,676.2697639339747,532.1382233033929,605.5905791542914,185.45008383457906,455.3634243744369,172.36227934854253,101.92401796215445,823.2477831537125,349.27494388109193,352.4490660532137,331.663156383306,760.9928968873234,998.0750568968222,954.7360123302195,236.59275615314667,299.7224966780443,573.707951187279,633.9262075398149,398.6652379176566,674.0123476798606,642.7026602032872,296.75551401975156,415.1141146501545,240.363316331756,921.2077192940044,5
25384,327,17,124.34155793588798,988.1369252148858,12.14717057079806,922.1545022231868,947.8733225016815,397.9965303721047,684.6670807448298,150.5115619809486,501.46652447794025,219.09770678784167,167.2726965254292,461.60261515298697,154.6268909427393,505.7124193747277,176.42573350783886,643.1278383874336,350.7418649704912,610.5566532419368,245.06996156049544,271.51769333803657,243.1541248511634,604.5891061705162,269.00073185749295,766.8428081418097,901.3898259895883,141.16138427310275,226.54076470968997,22.23831082394845,269.52898810983373,535.83033710497,966.1082896134801,148.47786947330533,498.35222109701783,147.39937658136682,904.6136900898935,162.93751058720895,799.5583893581161,876.4750111184427,957.5103001573561,859.5979567539233,807.7444725322305,843.7420173076802,348.30124034488654,701.7797604870416,268.09134676576116,834.404131314451,719.4695665108818,686.6325299598675,734.3553342606498,453.1992312208931,282.1644190420872,654.601763148246,177.81506701539683,5
29661,569,6,750.9262414289955,355.87690771901316,158.01810304963627,52.96247859984993,22.506223953778658,370.71141066734094,835.8612142380985,309.19421013290895,904.39453457234,987.0698319137686,605.5229657287067,636.364641338445,154.9067970031921,618.5005998709457,189.9007638190654,670.5238840538431,715.6092223320748,522.4616257245815,451.67760127603475,421.4095215888389,939.2117950914277,658.4514035122717,532.3280312220093,94.83382710951416,356.25611221011775,312.2672389636169,244.01437057243612,795.2746877453412,873.1402496423183,265.38460601987225,183.9225954575552,758.6545453760556,795.9963523791725,71.15104556724295,358.902763173349,5.390593547169531,556.5250454995185,897.921495891284,111.4804456944849,642.6023664336574,627.3781664236337,49.307348806268195,360.52570140189243,915.0961883069758,384.8147155025179,566.7394832455512,583.044620929368,352.6532861818854,111.24905260108208,419.10213751452176,743.1601934150412,270.0462428436474,153.69352819712233,5
63984,138,6,573.7368540510785,571.2727572172727,399.0039245388684,514.4610178204293,353.05891994679973,405.20283874813776,751.5117616027871,58.630348227246664,409.04440217852977,464.5633751960554,827.7225619753214,610.3200753862167,777.2714312871171,796.1296033213027,514.3608250655287,163.52305190213056,42.41043497836006,540.4698620266303,741.5840522732306,685.7107803505992,117.25204979889048,900.0423969163161,527.0457479292467,123.26295775614781,9.644445326356443,197.0656186076717,6.69933023756164,499.6835564225629,393.9769954513417,587.7912599985175,155.15218990136214,123.25646427996517,133.83865350126945,665.7925233809682,27.44698588179917,293.2559426636386,787.4842767913125,397.80420015421095,244.23470508575795,917.1041526862472,151.00356352531864,591.5202056380674,636.2285958225872,351.32447723402083,67.19627187864985,301.91296526102786,121.83235826387806,59.84800791896927,429.05700483554756,226.15565597157382,622.6730163291256,695.0287766154484,162.00364148960855,5
54287,854,17,395.93109478720214,373.3572345219335,197.73894145019855,501.7652158675637,17.854201915886048,786.160822887529,373.0710269442502,678.2287992476125,297.7082302020129,208.12282769709057,580.954852329197,367.6767613448051,517.3366322163397,747.2662155985554,223.7972224372734,38.40938440907382,469.2629200191686,778.131977992128,962.2525362113075,76.7012299435671,878.1675516491923,448.8590233591497,874.2817039280114,478.39166981768955,941.1987960983827,852.9959056756376,518.6618135317867,60.81241162362594,429.58488079781523,290.9064605133872,650.5486199729405,103.65616454581628,238.348106861343,719.1257387706584,89.33061298376965,246.55794509005148,156.50484717412905,620.3642433055463,226.67789703626252,24.40166254784748,116.15739274605286,555.7234380241739,148.1520344671664,250.88966822853277,752.1829463978693,967.5846752707675,921.8660374089236,785.0371563729204,678.6954651824539,888.3604358567676,689.7094142323333,258.23520578098237,892.1282157746874,5
65007,190,6,517.8714205495833,598.9892767424262,502.8943696257481,152.78293066380223,893.4515735309137,481.24810439654084,842.4701857985725,702.3955902507639,814.4117032298376,45.06427741583951,284.96728080897884,645.2636560733379,570.219113382314,920.6383763002583,845.1206797580812,450.7946076948958,255.83228570150163,731.7828489200692,639.1091478961483,758.7867678072696,825.0966496723173,271.8449248652709,13.131951148442788,913.8479878726675,271.5758062809146,776.6801336519445,717.8210669742152,583.0304640933904,781.972088003008,415.4456808931343,699.9138718226801,34.471380060159596,649.292712303332,373.7165342540152,566.8096660068153,913.3573146502027,35.79175587525996,924.1863070719987,805.0224429610433,530.0373389041541,404.281151379858,385.0549529294417,874.852829277858,681.2153389656557,602.9148562936869,318.522551303513,544.1159482187463,242.70353483260143,982.8649576723107,791.050274719915,919.2938606582402,412.7297363214203,570.6678762734233,5
56168,698,6,555.7238749324107,545.8599817632078,831.4546841990842,744.3079447806163,162.44375654818666,940.3961047415787,42.9078008063668,899.6868286441544,565.4698068495986,124.25346573473539,952.5852770627769,219.55678792522505,484.04782914208675,515.6473587369303,555.4018879901264,266.4029495221322,171.53225878401025,264.0161076343224,920.8241552385837,435.7849506519006,152.65546219130977,544.254330237543,140.74972584803413,313.56739877744855,370.9396933896032,621.1206561157886,751.8444476413298,486.27948142864875,529.5778279046433,209.14513828014137,221.66562155405134,546.4309547608128,630.7472882120182,995.8102310628313,568.1121981148484,263.9580448497154,824.9572441803352,964.666358146618,748.3381628458935,434.0524541085729,829.5782759027278,525.7449739662547,448.7510839027102,201.4857709931165,546.7482925641983,453.0221087296488,378.6295661519935,981.7011368025871,519.2256667200083,791.6308520334327,701.7585265317067,38.88897041667039,838.7326224897982,5
34863,797,17,986.9777504612557,287.154329586382,757.4775891645121,670.5366079031494,203.75511946678571,560.1162642017996,87.43423443414588,174.13045604524547,817.6250368138393,959.1734885960859,440.6588625895811,579.7764118795624,67.50363766247713,200.0759715029221,506.76086972489253,384.5269780190116,810.5860998444923,957.2437224354859,450.8376986500099,599.1072650002442,287.3734005985741,375.09761310634184,529.3555682840508,523.1020631533762,980.4842794269031,916.3966580940096,798.5395946827928,396.7651680521029,865.2405798220248,874.966436643135,607.5944098257557,181.5123442683305,88.87097426909607,492.2029659911774,268.9035040651115,329.10136332699744,239.41796551495963,563.0804015868998,142.16830629755484,642.3375237325567,724.7911954413933,155.96708277330129,89.90809282653112,196.60220222419332,277.06356950751797,76.95874119207069,796.0924141153153,580.1510145345942,285.490519180433,759.6186424431042,128.1200972521157,638.2975495260563,520.1133746501287,5
10340,609,17,324.49937846098334,90.07541217894999,692.8518412719906,107.59867137005108,187.97631384289727,257.5296024906036,551.2283217999444,650.8948574996726,864.3810469697412,295.507080524867,739.3038592671872,901.820466411582,655.3943851477959,601.3912065906543,949.651301407395,784.0192901717629,361.1346420097202,903.1440407095472,944.924420699812,456.4036328381027,632.8143230447713,934.9027032670101,422.5133345384743,339.1675861444779,877.471204293047,17.490793819726292,4.99538011988232,818.9786501443905,709.4581656810228,356.9037707154118,224.52531158302992,773.6383704566223,121.54740362968619,506.9328423314612,916.0998687253153,234.7828170465881,84.9786708419793,690.986390131141,306.70354762631615,642.5827528355369,807.0136556912277,839.0488926230634,797.5422115417466,954.623598760922,583.6414177093037,221.12211240599322,444.7284148565571,453.86917031141485,983.4661285078363,424.6314911549526,573.7376649990007,727.6542050792732,903.7694201730004,5
23880,498,6,202.93007092981264,304.17859450855923,507.9429623756125,478.34876593172794,920.045404988103,44.464842489261635,982.0648950472932,357.61736317975755,572.749852515064,332.4106279672372,817.737838690757,530.5577311773799,554.6495775436741,512.636013001097,309.601777018454,131.96703590629068,929.9895421336639,26.8569671132729,141.89951219773556,26.78470116930509,53.98798501577584,974.7881701433507,106.88348192172103,723.5970849552396,729.2271369260702,763.0871236985566,951.5026694359593,490.34780146276125,701.4925528398562,962.1077022727908,809.5908395794675,796.5535865613388,754.9413329587156,270.7700952129116,811.0990555790279,659.2114269556444,664.0948012258208,525.012451806047,99.96886552110928,545.148284692166,160.88516177990198,413.55879210481294,447.7693310643154,163.1321427779776,276.1190292544191,618.356861557809,14.73360187308337,401.7466309851464,306.89015622623305,249.363343209152,408.94686210400675,825.2614215198838,973.9461730007944,5
29565,653,6,590.7935841306712,876.0344126326858,222.09461767082382,319.6185420753035,69.1850612050784,819.0531204231368,887.710302248733,47.50233866053621,801.2503305609036,426.3518111942609,321.9137880704287,326.67695267946516,306.64326127800814,466.924964251469,140.99621783314254,707.2824416442695,609.8264974323218,755.918533335676,811.0102760426031,94.60494990616064,530.7139640740686,10.356370191234031,482.78249056445856,352.2152844564772,772.4454309670028,640.363540432083,1.275524166936992,539.0671677594235,374.5731753015913,992.5959921975975,927.5294557948416,728.6121316840613,65.13956009831112,365.04079294069305,852.5285753763225,922.6770224275162,89.7375804813575,637.7455659101248,712.4799336324205,539.282426052144,240.26379667590714,292.2655333223044,647.6654522545721,807.9798989106146,573.3377129399352,79.5640205228797,351.2881800373052,692.8802344333043,426.97782169987397,267.34612083623676,476.0564715459706,132.92280063172169,564.9309403947013,5
21698,770,17,88.0969461252451,241.8087463803189,143.54526545496316,371.7745543012763,301.28649986231017,982.8717702757185,787.138440616929,696.3622683758523,808.4274378888151,423.16903472799305,429.31897028844037,478.125877698317,539.1706479381642,265.35558109859835,430.5349367058217,429.490527084851,894.885682375976,75.08439244415877,735.6264140309951,885.9788583450618,83.99704081853531,180.36931680318602,541.7048218568228,74.88651599121809,147.68931253845673,471.5602251964993,85.59554194938667,417.831065597903,813.0677463568752,559.408694533205,189.27060666608287,614.590738531489,85.94949409591379,796.2625559980232,336.13520477505887,521.7773881780847,169.29274139324912,386.0989323228786,358.46946238076305,689.4326093050414,43.41422983595022,20.26718641732417,168.03182702012353,417.83878543027106,903.8745152860404,137.5878401678916,555.6872494154342,131.3910861622274,625.7559541974773,775.3738371630137,361.2350692183187,732.8532681734484,432.60680856594036,5
9281,687,17,224.03543440623807,329.4565922737166,737.3846547103904,838.7506736805369,397.2223165768571,748.5144068281735,932.131648917168,116.35329207917711,68.27563423166416,132.7240474707768,648.2774917786741,160.03056719085717,795.5536557663255,285.237263760987,497.09198722518613,270.91129193358853,806.284178269465,296.50587075221745,302.14742483164923,374.9428338170424,251.10999364977803,748.055141934422,227.70276899485177,699.2748893814938,834.6640584777122,189.81746751489393,717.777102864623,74.51260171601793,212.62987042103364,563.9784055272098,730.4854860732054,60.17988680303732,295.9218071441861,621.8471400381125,90.01375277520785,391.0216175688519,267.42888911758223,260.43687296179917,779.1554540627262,813.1385332258586,571.5056770057499,266.0764926788792,244.15471279144907,41.68469000093866,410.97082023067856,511.1182691161049,973.6562493017384,852.7160523253896,764.0575770820944,576.7553340127586,999.368680031516,163.2910649710081,208.36831639824481,5
35896,980,6,480.1357543160554,784.3031444485498,465.89130587925945,576.937137369882,190.99368578157106,441.43203084880446,975.5907944853021,709.6299730486996,189.0853248127057,610.7135375654051,988.7440749068717,778.9983922302581,863.758352568424,353.3477598606112,788.8441238410619,336.73650864591855,641.1651426973194,86.37348639782083,167.91882026789918,51.824505461040445,517.842241821534,772.4648946667444,231.5755529741036,440.2592926503529,309.8506488691488,557.9996007886803,437.838332471572,511.53493475801815,736.4750998097833,992.8863622339936,300.23793519410646,84.59039189792206,880.963231436823,202.28670411730133,252.59682097397896,548.0039411009955,916.5749216652982,744.4903523547252,693.0821467922037,416.45251535975603,244.70148574536165,215.43998838679514,573.9425359819966,374.6874798295292,334.67249948473244,60.617704850863376,260.9436779496006,945.095029496975,836.8241182909802,646.2520767412364,40.96132582550727,503.63972392457276,380.99262592629714,5
44217,401,6,278.8285440059192,509.2144014734734,69.42108235275346,106.55668203628288,95.22418573254932,335.52696178405427,434.377929179247,236.6202889609149,750.1827904524132,35.55020736312387,969.5705625646433,896.3378708379569,365.6588816587706,911.5427542099136,613.5105369828743,200.7896842550664,329.30157366653145,656.399936029303,98.54495165792198,431.95859648277104,146.69964357411115,304.56375276076517,660.3300713646057,70.58051867895698,47.04993566427851,500.2772117115658,481.7897122562198,891.3136412623437,654.4863434029405,368.9311220415229,449.18997832708186,655.9342484488282,876.8170450943968,811.0303731556463,204.73376836258228,595.4544331627206,809.4087716235978,499.24449752363086,811.7324589891991,316.7449495548661,699.20646688523,208.65939037969605,212.3670753637813,652.5625202327275,820.3178948014073,156.30817831986033,614.7933393574588,625.1405772878305,534.3089385768467,487.728477140271,21.733170533664968,181.78231274995593,967.4826381482366,5
43699,19,6,286.8764710724139,368.6921763946253,832.6839781984526,104.50054258894903,525.0744655305913,439.1670679905039,53.2303867153201,483.04171602190695,208.9322724828704,311.04808925501305,807.8875732282658,350.57002131421444,145.70376854178767,73.8398940512871,226.53050730759693,653.0058057388898,665.4513498004652,616.7211576612226,626.149612018452,662.3565239876253,826.0707364659869,780.8342229208291,946.139699402391,158.94589486468536,908.9770121746391,446.2715500288813,457.9969550078015,781.8157316564121,276.810982978004,567.5131118065632,973.5620958534582,781.4569356764199,759.6015575017659,383.1929011730899,496.16397746682395,277.6274925451327,353.17534495639967,258.84265998659816,643.0495268530678,506.05468190598714,578.3204646123835,44.294954830485736,601.207163083795,826.2690374924452,599.0887642907401,703.0328935587701,342.0576012391806,25.49770675145613,349.7253392923944,872.7894053356131,414.9193973978267,47.806758928906625,711.7602982009579,5
59979,386,6,481.84477730970974,733.5998386756755,900.2161241522595,382.3091377982101,134.63087892325277,845.7158083814218,554.2378279651115,220.66695274164329,155.12120410173637,915.9383587381998,353.9386198278237,140.94501582432318,774.3015531302337,827.2085145405225,888.5303626661226,122.08968002557286,17.398062257537596,776.1348751686303,359.9382673938535,9.36673379530195,520.6241711727207,521.2290637954628,905.3254218353218,352.9921302092114,667.528302365887,940.0645305424532,764.3659797872322,434.2403296792058,3.6207998432156163,359.4336921714363,852.7612021589282,831.4317744466827,952.0942099104471,119.87197908615288,104.84111364099502,778.1966467005902,993.9343720571917,696.907140805119,151.19730980033563,949.8801425215721,36.99240737825627,803.826686966027,76.10626847611567,632.5996689355145,937.1384379565952,710.1348093258929,826.4933642526875,968.5005522514459,934.4156381198352,730.4345032896003,275.2971826899835,924.5323968093023,930.4535524148133,5
26596,744,17,252.0806615492931,392.43181490861014,738.581027029209,904.4841844747815,94.7153409067345,332.5091235490567,445.9977127146534,885.3641633547452,688.2996126724802,735.4909482653587,626.563936041705,22.151980372170144,81.74233342356484,918.2790098041431,148.435771645546,112.79994642832203,883.0589482620944,295.8604270510663,771.9842292170846,798.7716265351112,86.48774531229807,923.5778591176722,273.609627023221,432.47554368123417,406.60045536928845,295.9005505729205,630.4299186722176,581.9277832475087,279.50737423320606,420.75554883735924,558.5997072848014,824.3192142357558,762.3492887457683,836.7027083870487,117.44209651394245,99.28926839290398,171.4911873965458,11.357725174512389,254.41176884079454,896.9907812472085,465.9285480277815,316.6950999240458,385.2059909513735,791.423165618161,713.5420291913756,629.5311478341179,210.44298882694534,550.1735170609214,384.1725898659576,721.697024464864,221.81914540540905,695.1303133960818,631.3416890090041,5
10725,930,6,746.9881402319766,256.935172697506,314.25412935495655,738.0396142721738,774.7301063161899,338.58003609406705,318.7428493854725,101.22912397706286,740.2680297858336,24.059055248210836,548.5201848875059,163.18453858124926,465.885275947291,976.9979834406126,311.1201553455797,840.3478663660696,646.7114733275187,686.9390931739936,237.37988931376884,25.409095845439378,862.0489010869277,980.850657380186,494.36832894951385,769.0417196091855,558.9610847462407,888.0603968484007,473.87686019721485,798.5243925247057,957.3627934558931,59.9436129399058,101.89325251491954,666.108023542236,577.9324801065288,785.4320990568076,517.6626995443339,875.7754538365557,168.05391594786224,868.2927537598133,976.8663191089641,597.7378638598647,837.0528355689576,382.5202798031038,158.50881732413248,11.191188334725656,165.70839109404113,342.6419748067241,699.6145213979519,906.7273276771527,697.8737810683245,957.11500398615,595.6023866625911,79.87358492819719,405.58034834758803,5
37439,408,6,135.9287524058378,289.9501613819424,185.28740524634156,539.8942026640112,971.0273690839124,514.7866071545727,711.5834063196984,434.19936162769636,542.3981882668837,732.6160511608508,469.08761052906254,505.36883393178323,853.8934560295111,437.0716249134229,492.45984492133334,717.8504873684175,517.2029861856586,433.9713636545618,863.8913077823598,833.4302411715037,527.7951534998556,655.1086286215069,652.0107618696336,738.238415042778,295.435151107267,537.8832818527289,945.5305830938838,167.86801007634267,927.7171116829234,372.62394631411564,263.26438756254856,104.7147909729762,751.0269538259784,983.8611831258794,473.68944161328653,946.3325724204715,177.41043181081494,404.36418973221856,176.21503955554584,319.2541616269475,712.8348685315293,270.6819444820938,621.3709267977622,729.815410351279,757.7661654433265,478.2441995100254,620.0854601870547,961.6500512673923,458.9154203494198,273.58693437814895,151.23078931183875,54.25229086789551,472.53299662047846,5
16738,791,6,195.43090459841983,420.04948716564985,378.8006795136087,284.81423950545326,726.0968288696226,105.66469457560623,217.57855035068485,930.3484221812681,764.0921747330902,915.5920557615487,947.3411372190775,982.0212928942118,797.3687956346674,609.1532971264794,324.69818845810636,314.73145293832374,114.49799452432873,890.399668334467,636.2028654099834,240.0067702777794,567.9573959894686,640.27289263721,993.269572172296,524.4642601221433,251.57123641915035,573.7018420125269,26.397652892325763,322.5834374945812,297.944604574294,854.1423889607906,803.4365511795285,229.36098879374745,611.1330213477414,106.43613061042501,187.8749572588404,301.63407810858735,431.68479926654936,749.4934595893975,398.08683819205146,685.6784202420622,702.7143638969923,50.909614504388244,145.37204571813666,8.0476787174113,284.8390575620463,950.2850866559212,891.0343909565914,821.798345195771,415.65398429824774,728.0858624970685,81.45933703226437,711.1349700654575,821.4271946718671,5
18556,756,6,281.4552580493495,431.55402041640934,58.6342335916249,895.1694366891159,884.6200323895949,401.8445763338162,371.65672379560544,354.9301893210741,453.06984518847383,395.83814899250905,238.6068604571435,526.6838229355445,561.7318922871239,100.55422856692952,482.32194758517034,988.5410016318759,395.3074557490833,163.59658349173333,328.959472038562,882.957409878765,292.15710613166624,567.2388290635876,36.42652937605595,6.091716727085528,762.0004492100122,198.1368300489359,213.60712603891253,934.1898749848457,600.7920006120935,215.39903353213074,575.367761327279,495.5874545956923,122.9050279642584,482.18156321063634,407.8065047497761,92.03048829255766,164.509445798519,417.4734086473736,311.78564570650144,963.9685431322264,221.80996498739657,599.9880920540065,219.2843157756309,254.57716963352317,912.5850607033534,782.3732975011669,839.605784181693,97.74990812399231,987.6967163063972,158.13796751022468,266.587932818525,530.6017393738339,273.1231184394025,5
60716,587,6,31.775220647439873,904.0529473384305,701.6327748681362,834.6315839848523,10.847497195461408,375.33437207271015,163.75294639095728,959.7528476472563,638.5435961557374,651.0586752045537,376.85419885819647,520.8627268222778,472.40327420242556,204.96049592906618,479.40209191072705,600.270850112351,313.40549092806145,120.66037097489557,884.9852547698473,709.8283704874398,979.0633234133148,555.9572618507498,700.897906827588,970.740467022441,27.249996560618772,33.55928284041032,907.5762955221419,333.75543488325565,96.36304545865893,900.2826042060759,730.7080944101898,844.0106270164679,918.7810378840019,703.8498791453331,174.11829753880502,614.7288232293839,597.0259241080215,749.9408869675359,101.20040296593469,592.0673048582491,967.9187010199992,612.8243337780515,703.4259592294794,120.11051736827095,799.4457272958064,882.6917468409753,792.3875833727725,909.7365100753822,783.8935634985099,626.4722961512693,567.1512515166529,433.34568296554653,733.6641337587098,5
3121,253,6,746.5373661114903,924.651622165586,627.204415864173,219.57589347625884,652.151604270382,685.9228761017142,223.00739025967175,701.452897426532,572.9265360890666,971.647134988523,87.97278462851843,843.4754428182779,807.528892885024,439.113945532448,378.0329991345851,60.61002434017693,908.3872764359312,337.88802532291373,946.3601811930708,505.2245771140641,305.8239836177483,378.8041532294124,712.1061088228585,903.6211818530352,759.0799176352072,215.084923597878,508.488206205447,33.73206714254362,38.06891773598653,484.15689997886255,726.649324418706,387.8393585366391,830.3688426694032,544.1713219526908,716.9183355533654,527.5889098428304,397.4185876592277,972.504675408238,975.3407039428403,862.6753513290836,598.7580910855676,223.1280772022749,13.730898052614627,821.5873140882404,7.796928721564456,175.4494458459347,310.8254176623116,461.1807032663137,597.0101011809425,77.91168893414569,559.5258748271201,438.9086573448175,36.851776601282694,5
14958,699,17,466.23751389557754,2.390212413017734,90.07068720620137,560.2224566183739,894.1256764022083,593.6366899768481,161.2092447411486,321.6689982226526,309.0145778120457,2.359227613038084,606.0225104128147,817.9277374774613,837.6488068357747,742.0051594158709,478.2918630777956,13.162425580891867,165.3110152869278,564.280661334476,890.7267436064769,133.0613645855,899.3395467387784,809.5549929743976,641.8062930274453,458.8487542436808,211.9744681297021,895.6678484557734,529.6771033576251,782.7576043237582,45.84214240539885,635.332205349554,409.50399714644334,528.9090818254817,602.752322862331,83.2903578666756,949.2504579071216,127.21150752403965,781.2948899988135,932.516176717813,584.5883384479066,486.03898523607734,994.6984478910529,948.9150105360382,565.5395632468609,483.135921995523,826.7571408552265,901.9274596995283,331.138931383802,43.656815184743735,316.5471207137215,601.4662232475463,68.28934584654,323.6435409537516,467.86057698983285,5
1637,510,17,553.3427993123727,913.8529977314518,463.8054383853495,38.20096581148036,435.78696014102036,948.0702878497676,15.176855411933033,107.52274803474138,781.4610026925507,337.4687057148156,318.3804787708186,645.6388046838625,371.9662374500019,583.265759886196,289.2213188917744,349.9564764611837,246.63161910946496,79.92475601255833,766.5004536886671,864.8490840832444,576.2251246757176,232.30910550989358,330.40825967602404,223.68947208450052,187.0000993848595,110.57817520659773,876.1937865677518,856.6172243501383,54.024957540641516,895.8524785063661,416.06826740196846,779.661338176583,92.35591152533917,178.94615652149415,130.998690488734,66.62836747010314,989.1147944406285,175.5610431175466,820.3728419523652,522.7173955622955,979.4741414129875,554.949938082199,796.8703542562769,112.94242550497336,947.4780061168547,611.812381742216,355.1600975867735,740.6712571699742,794.3100548442235,662.0237546560164,151.57986491313446,702.5056963928083,7.820571200514825,5
5352,770,6,365.0218504418095,392.05554864375557,366.57993084068096,78.45497880039632,333.1117733075676,643.7334421007188,813.9296700620727,209.65888174574266,226.37277497709175,538.0612503505463,574.8245053525736,229.75809409622195,550.669304174426,942.6325297072916,940.4344127095883,197.42667872016196,650.1626853810913,365.7199413110482,276.65720033193463,752.7710522286083,823.4133386193462,931.1330838616651,930.4276842346712,391.03619789999067,655.9511222236501,937.211919100795,573.8474441234468,221.07251963338126,659.7594147461888,193.17167213454667,64.27542854271718,285.1607123698735,901.243610392207,989.775986802217,68.83830474986152,451.48597425033387,516.116863024171,628.2480357028254,821.9580408685251,138.27429049451823,484.70835630260643,17.936732013573486,445.26819434177145,684.5254942092831,108.03564697403212,583.2621495453657,551.0174749830661,178.78798127086216,25.903727579143386,123.5369543560948,208.7901850984426,282.2804708553194,55.5683790003606,5
61910,217,17,302.8538278229802,532.0034750304619,110.82295395625064,566.0204575039057,818.8245643994868,625.1029603241977,746.8541562352128,732.668610810764,85.78773201746925,345.30799362131705,221.73787821436042,33.18034210251242,964.9787043834627,162.06945285058748,68.03249227045616,616.9483743041973,801.392605545049,605.296249487426,942.9135611715596,254.21395442713313,755.0739015965114,440.8724880448478,594.6894022120833,693.2996119635841,569.0789373233023,762.21600135498,191.6491120675524,819.6627393503376,466.3240087985783,622.4680545611803,35.4475849971857,643.8585207042034,531.0112495874514,262.0086429158106,543.1648232624053,477.340013378471,605.9521017701932,29.528651940153637,922.1079655226735,48.735831776769544,729.7470136427481,60.10107945270915,527.483941365551,947.7477505056453,956.0352902933606,372.64408008718055,13.705637364113121,888.4521194964208,693.9693888516017,824.3018871208352,443.47706635917507,317.99429007520683,587.5592487571611,5
57986,214,6,550.1328288957761,532.7167744651085,514.944541447961,603.5729445711517,920.5923163045755,455.8840834481681,110.2469667282241,444.69161157355217,15.030124627007812,719.3507869949852,599.144690948632,967.7563423931272,396.95555484913746,550.8207966718824,966.7109332527995,764.87417374616,341.4354655977793,723.2371174063449,548.5416361624729,285.0842491247616,319.183254155733,633.0207653793917,869.2870357906743,666.6462936133163,189.68057124856063,975.5783117138781,205.28230134750225,771.5922120369837,878.0273349580586,3.2480779949879413,352.222534731086,883.8369026758218,350.1434787522578,517.8151893632762,876.5821098058199,495.70840084149705,64.14384602249478,451.56436625022087,30.019176561811413,344.7108001209056,189.46552367464153,514.0335586536283,996.5623561411517,627.5231486335592,251.3910919734851,420.03118520499106,749.3510817860805,994.1828265812442,639.1924152610734,498.64826415657546,251.22080044705086,278.23721102721663,57.882859400409714,5
32795,107,17,52.709886698982466,814.9930179289241,866.4501346428616,775.7456865482641,465.29075400924427,535.411526145385,600.1059258281437,847.7286575367676,512.9450614203357,153.66653518653538,783.849753509041,854.7222989040406,206.01634335775432,63.12890304592622,330.55962731211065,907.7213958123845,268.31945236283116,596.7115126483408,312.45798721393436,62.8448722221433,25.134929637389835,780.4569124764058,95.70988468521658,536.0979770377995,541.4984023003988,285.98012804333996,523.173285544428,190.86376850368936,176.410553642136,80.1175085020397,421.53259051720096,95.17925343971712,353.0895166404886,660.1621166650491,497.274129938182,529.3790164835161,45.94105645926972,553.149718060121,986.8030345878741,725.3234720026504,674.1074005614449,606.6877262643243,672.2959476044981,962.2953306582507,869.5210416643774,969.569171380231,186.50193098977974,315.67579788020305,389.3285055024268,843.1951931332464,780.7829406133827,232.79728361920627,960.0565121997882,5
5893,850,17,885.0521320972643,523.1095444765779,195.28734112352242,730.9125679331727,930.3641102226812,460.60747048325567,818.3517149591892,966.0333397535113,222.66489042155902,12.765376312598665,83.99715364044968,394.78647215641683,124.58596065843675,109.30752663460986,277.5789987649704,827.545852782329,690.6606877046686,229.0239657493004,425.05794059888314,973.3113945636742,223.8010297461651,197.42352857693047,664.9638046614118,961.4983471437728,349.95395408412634,429.5838150832585,906.3849548185154,638.6688130674621,448.8707054146566,516.5563327411778,291.3086156856135,842.0695411183407,605.4928818203806,846.9637932838593,124.6185497436939,910.8244718559322,178.58762205436452,917.9222087868402,518.3601377334705,441.13899703050595,882.354627955331,318.9376549695354,965.9215137631633,549.8182796892677,45.73095867633936,870.0864878326532,422.026875867471,281.3300105964254,999.454252646718,421.7897263444577,414.6115039373334,756.0527671170238,253.2269906442175,5
21170,925,6,562.1467407491807,296.56252659533,657.1435620404496,225.28763668635742,369.4724028409615,513.6913855147257,640.1258574518196,897.5587309828205,953.1253680206421,491.2575408623725,978.5276777338992,712.5616039141883,127.30982857869999,904.7188063068285,522.7808839751424,736.3826361735879,47.47037261440745,621.5065251287376,243.0160785978147,459.8067073159715,941.5102110434871,230.22943653926208,982.8883052976472,349.66070989133124,969.2080487542152,724.4243197419157,901.0186118353813,54.066815827123804,599.8853562283878,684.2176776916486,407.0605712838573,707.2766025065789,313.4542495137206,504.80601048089756,473.4002637755351,437.50289517190464,508.75893199217404,166.80348268992785,203.16334927332358,459.25141632255304,541.5179527598998,638.8922525311638,87.22967923945002,568.554928530308,546.169013222093,127.25621962439415,309.35061459144407,279.6309033435109,958.3922979287142,709.1939206421554,314.06527082006585,409.54455978803486,530.5747163696507,5
61529,569,6,403.16447634357746,43.77990786824704,813.6585588254837,428.4740198133653,528.6356928091119,806.2045694061335,273.3994960676658,100.42785275148935,975.0548366254944,6.217025556912836,249.82610230648584,833.4168084222564,376.57985823628593,175.20726488774218,714.7627335722449,92.37423314102111,360.55538769161643,962.3615973063602,793.8559336523216,516.8065308625996,971.0720377549302,175.36027928741083,635.4724154885083,772.6049309150516,99.41681494415022,132.58433061403295,392.0489915077642,912.0226944974844,236.2967682257886,321.06097564976244,560.2088301703885,76.20969497509611,764.9506997923286,962.7206366309451,318.48386815642317,5.289840553649339,437.11100133033176,398.3176301048953,532.0776827359679,503.9499165329623,181.00066857327212,735.3334762734644,514.8626621300863,955.4555373948704,295.8424884707147,506.27482989897254,661.0477215583311,345.08555006053,116.18994780092262,281.4704953267068,311.3910471127145,845.4796609407209,844.2217286362851,5
8710,731,6,907.7639095797823,453.60721679005366,196.3842605516729,30.260880455243445,869.9223523699485,954.9972329745356,757.1020025072163,452.84623699514793,916.1914557777642,512.2151160055693,33.27118339858548,149.40028267169524,903.6831194182198,585.4569126804155,832.2901398402742,60.34938322943806,308.73109346808513,702.8006929363277,39.777009465048586,787.3913266895358,982.3942844115045,929.6112526354557,793.4481407977257,867.4172952895786,456.8623589932177,80.52481951511604,968.394498522227,616.125638190344,335.83338398863236,690.2391063127444,937.1220209610922,532.3425038463344,247.19053048817142,691.175881849186,622.9127317546274,214.093136058358,304.9091858934914,150.28449845793958,317.248872980418,11.530565080677068,433.0862936055644,537.8223123082186,604.9452646767278,507.4023545342868,439.68889446655277,645.315809160906,446.1001061457258,187.9878955482641,80.0763200978034,186.90340188891952,695.131075476422,544.479692075309,49.60194218585734,5
63218,894,17,743.7294032406905,934.5613185932222,40.87535697171785,937.1838520885174,745.1449001744384,979.4685362983032,671.2838143502474,384.2507048695741,979.821290284521,470.06265920970725,28.684344882041522,13.988960918693172,310.0757251380203,190.48597963898882,770.8099110148964,862.9987456509757,143.268215275563,618.9689082636471,230.84178455505455,642.6768528476056,442.7255919405201,931.2348044948594,453.7351722471225,897.3178111317047,318.2320541441853,482.03178560925244,291.34615984053937,134.5136753323095,595.0841884655118,157.76415154165545,69.53417139308971,369.63696972726876,534.384235204423,46.07583655352276,452.1552867049362,963.5971206582022,677.7449316961104,945.6915422988864,942.7397198904416,344.3385312834737,106.9370433073793,925.879751739519,308.8283212326203,374.7984669691562,24.780247795620603,44.673768104571685,608.9213550507493,984.2854192256765,355.878935317267,504.7480350922059,801.7517427483424,356.8602144525211,171.76035172468252,5
34694,237,6,375.5007696365008,103.57147453906146,662.428907240486,767.7996256630912,420.28548955815836,446.1094434186036,90.18641744761192,801.6280566653803,627.9587127854451,642.8837131695471,455.9672193220686,588.5894147747224,164.40148814545154,74.30556652504794,125.1900277874335,644.9727908139198,542.2957550342962,278.378292039596,382.0245334928961,787.3878802109082,686.9465010220902,188.94751627260243,244.19653521902163,666.0271684024472,660.1903356806924,862.0536343090716,809.440600895584,296.4254996980353,71.15028225839748,649.5479353599856,563.6335585578232,95.66077549352991,898.32796096795,591.7438825526181,712.4259458565954,812.690016227868,66.14151738615348,474.8304905488655,292.3054946719396,819.7778517298369,391.86464001651524,767.5458780920261,212.16893608224075,377.12125842975144,526.9752964093931,601.2888289849598,403.56400683273506,843.1476129882544,206.4099217223766,328.4838294982556,695.9843037972881,327.41487151614376,283.8211806273555,5
10245,529,6,391.4163855337771,767.6655692743516,438.00017578880914,8.5351258764933,443.069387566523,204.1256498259445,488.30578912885557,857.8591594672099,476.06359215498475,495.09990906500667,6.70539310588969,945.8261082962256,724.718257472054,488.0706366395131,438.556502992828,432.1195918073929,935.6962955072463,383.4062856702151,801.9362441598498,215.47314728034928,535.320464354934,881.9946531231475,152.29945826264114,600.8180636610226,104.70999030064321,276.4134757995087,262.422260506093,763.0114332467207,643.69485263217,105.46665046185666,979.7064850683961,742.002095438225,58.741864120900324,153.57569911168935,384.422095550645,308.4808714078855,588.757582781851,600.7162420226092,56.18998809379738,221.15055942226712,480.27929253752797,761.4830135046888,576.3548324992203,931.2691866906929,321.79999464088604,988.9366737925124,541.7904432597151,983.463732990225,635.5670559008457,707.9497625858636,579.5172035319132,336.67721434623763,701.9815299120743,6
15963,624,6,43.57543807263254,409.13899343155026,141.9026363893624,76.49996813493065,384.90007114014435,430.5534197260783,574.7647753046839,390.60111303590173,866.3076629785742,987.0517184343863,948.7774927378988,836.2445054932803,159.84042269994237,288.5680303876046,808.6755675158439,969.3867972856983,533.5956347137122,579.6875629621262,767.0406227429157,766.2597928305516,305.91958573970754,651.1697313621409,6.573432101507959,737.8376933977135,395.59565877549295,740.655584339173,689.2865900674324,958.9615268811166,28.03866646044806,760.1545898835893,573.4903769584424,49.93608242011671,724.5868632056491,213.69247266839687,935.9160355406542,59.59563057231521,14.242395111224493,25.43779210121777,210.4254194134647,535.6831031469125,378.0047896154579,546.8657618795245,411.5869477244877,59.99339999305575,354.621384050512,953.626994046151,436.3133746462914,818.0697972607692,91.20651421750713,918.6102793844723,403.3709382283044,516.3855405064445,873.5936226702548,6
51524,895,6,760.3652935460398,712.6236257836586,913.5525887993625,300.1792748879399,394.9966091082084,95.97824895809359,227.91509214056927,287.7482855685384,461.51184436061544,99.37992258582662,627.7981542016373,117.45784036549023,486.58056121902905,323.35372038307685,406.4523532470422,898.6684410548517,846.9119251593519,859.6365924710528,571.2159137413387,318.9348371203371,882.6000051939649,963.4112845218126,61.92935073701844,396.4898920935337,513.5643765848121,300.7499679454656,467.51124356884543,646.1295967331298,815.5458131533404,174.7088275701738,16.354726986278934,625.9368195771409,593.3399176714476,695.3015079872627,899.2457592911196,283.66548233480836,154.1214827503987,307.90216158363637,415.8107913749619,851.7927071861167,281.190967904634,967.5970621788732,945.0309179658929,196.32342716158092,372.3996962068621,423.36647441700217,322.8660426771396,3.6572306492126394,63.539021747389235,41.765883677846396,168.61176966585478,758.1477379752463,715.0687097494326,6
40213,838,17,540.1803479985755,566.226439565165,167.31002507232063,991.2664932717657,427.44104338010493,861.913012286808,768.2323351470875,145.1544976930107,636.4034304371665,645.5479224608429,169.98699792307914,764.2611466834974,937.2840042960286,607.4083998044225,889.3047415001695,903.1510241101402,715.0509556794029,692.791145777393,911.5921417164816,280.3916086454692,9.159695117328281,457.5045782469039,719.4461322839591,915.803117197469,732.4076056769477,548.7190103412834,206.3416535345025,65.88832118114962,369.79553527710164,233.6263960693976,412.5503614772198,632.1251120877552,185.24527037306703,553.6121531579671,21.240675954913634,609.1085024045026,26.435589013479532,378.48923644164233,19.927987600409146,815.0791335556436,487.33924199955356,658.7237900557121,58.393727389684734,966.4745599168682,801.7101102275755,85.27027892065708,66.34253863633998,32.51673710744463,887.4464216144729,638.9526155174348,903.935651614946,118.71159708717371,901.6645077884984,6
57560,676,6,746.0157667792372,544.4072484297609,548.6958626873464,133.4904906087888,917.4943673584766,678.1628330324476,335.77258703494283,562.2304534375651,141.34128516802235,92.45805211569768,955.4797097937028,769.5571729116101,497.4022908681055,542.4998946035158,928.1813043055022,125.96316329447043,342.8616761920127,841.7694647236857,504.5579296194767,783.233442704954,155.0539389080493,502.43593127177553,449.8152878504632,328.56467004372666,803.8694313039948,507.4223285656023,804.9040295338227,789.5792821717757,924.5912235706514,175.58644655466816,961.3068411540793,645.3170484843758,363.84166089664507,932.6331268721455,820.2427019723627,698.1607589572241,175.98619824408536,398.87878439948685,814.2497381928824,160.22822570284046,860.889894387859,318.0914483241077,114.44747032963487,32.157616000224486,386.4659181857176,320.08027496293647,976.8743283569569,90.01647507403266,688.8495867532787,379.8776890113851,30.67979870164872,865.1031564236579,521.4621554119028,6
43771,353,17,431.6463966435348,407.597036210781,573.2470220559703,818.0939414874406,941.4857392253253,671.1876927318486,267.5022214216417,357.73475012570975,500.9491343946749,632.4778367314537,680.7384612617503,200.23699391455352,735.4569978765538,863.600964271847,866.4789331281326,591.3876484686182,668.8412259826133,622.4593951735387,961.6106105371152,792.5842490591461,86.141533667349,883.1712511095584,807.9847798491511,646.4194792819372,987.382659379783,458.4930640378851,196.1643627829973,131.13587789753922,310.6235171266329,295.9491595278357,142.08500342263474,818.5140500161438,169.38855037634303,12.993345962610704,774.7044557649513,638.046113807027,108.75056051330311,687.1480335490369,852.6777217104082,332.08187990690163,558.936004416355,995.4203090135983,831.5114458956812,498.78940099802537,444.5644490593692,898.0354464811855,989.1095288025937,536.3202155573355,209.72576362718831,711.8429527350321,120.03878409370394,102.36400618822672,593.466000023227,6
57778,292,17,634.3300411987991,713.2843757467858,365.40493095899063,237.47805697643687,171.67922267789803,569.4603330611994,116.67510670247904,733.9866105173722,264.1312572338419,849.5027733712716,566.0053434150213,223.0580839055436,593.6749310342648,438.79624796649165,610.6972017680072,157.38350747129115,833.957532697457,266.344213213781,172.73456863678695,702.1996932662734,297.61362256570914,193.52739559940557,454.9917632663664,589.9581171824788,236.13324409873826,549.302726389898,215.53404266550092,506.6138197642562,500.5894552280651,408.8723833569635,923.0957257132958,44.74771144605016,355.78281227636023,876.6543843368805,236.5575191815861,859.8511317146022,244.09931331679203,116.38703105324166,331.7407805842072,397.1262296831576,584.8081637439642,688.3631169128145,598.8546177329183,899.0357202193569,424.79884889962835,884.2249242442621,480.41378534004485,911.5642019769962,961.7611270972449,652.376885022256,994.6566840170539,360.1309295399532,427.00177291155615,6
2325,1010,17,16.715644382296336,762.02533947428,379.1922427571793,620.8391249390801,565.3716912852406,83.77226746639599,36.65651659794867,506.1451155546959,978.0934553625732,355.2952919824096,387.1565119612256,111.44476030877281,516.40770818486,708.3369960302242,938.3774160542541,722.135487316242,20.288068786544542,681.0694386572867,293.00875858694576,860.3161520657287,972.4681809144184,245.1974411568001,570.1725264032668,972.0107217300879,956.6614226714394,379.87761235322716,649.4290015791012,151.3091429217619,7.137280492946707,641.42147980667,478.8076896509195,826.6395995465317,617.7022452231432,559.6126724614288,719.2711389796684,762.1321593275222,8.683834831858306,168.84854681537965,704.9263261790453,419.7442043700087,610.8716284368257,616.2065611162094,924.8026585977536,444.6377263118402,613.4246976223118,397.37156958965824,735.7865154470082,321.89661277173855,224.77917212474563,232.2427760411212,165.75642662757406,129.45502458858394,388.86278909912676,6
41103,403,17,670.7388194988946,658.4492988342034,324.65293854671637,578.0079937864398,219.92751922139053,97.75863197483537,203.8860472091032,283.2449785711064,516.5002077911306,735.1113395955325,164.86986621640875,116.32463524248094,79.98252211703871,864.5731642438767,705.5802777858385,345.11136238044793,562.1413182377541,162.0513772821711,601.9979034895209,856.0976040583664,679.7412947061347,878.3618673440188,810.0657275572414,632.7075068282111,483.58685407573023,938.6636705472795,602.9526788106531,842.8430294546288,907.2248569241992,808.0497859595824,630.0830615577679,778.3480001726101,691.0388558445356,559.8712431746868,506.37679699017815,376.2744696243171,881.7401620780043,433.6500158459492,418.59133382532633,339.57084507650006,690.0794812469355,77.49838533849052,904.881268442955,618.901913376501,828.8112581272842,456.0021138024845,60.702447141875005,145.85090608704832,850.7018472305806,998.6152056089344,638.9648195154086,921.0363913366276,31.951653941327706,6
26385,815,17,45.59344509011598,823.1943070106031,718.0786816117322,653.9517665496033,482.92996983014746,160.13204101770694,749.8113908504255,836.903737502,576.4989060189123,616.5367946696834,628.2483751881306,470.07737110526773,103.37905704090777,202.42234335587395,825.7685063282252,526.4465784912726,936.9442913187282,356.80799745630367,0.9062765239377102,906.2637989387679,644.9547791391608,141.7596722591794,932.7558257785829,152.52663438407112,904.2977772248827,17.642507204663094,847.0999579428156,467.3646420757458,409.8084671513981,434.1045949412102,860.5213501099707,332.66285273089926,50.783304048996115,365.4667148065941,413.6858299304953,739.9783719043858,797.8998410615336,389.2614740534021,750.1275184526174,54.52173431003493,811.7193678198751,154.01429730539496,238.50045389446763,430.33694751660266,7.036209670266413,781.9494288030186,190.41567642648215,262.47809946882785,90.07943703081745,772.5204682351095,352.63140878949383,383.5787408910033,304.69805033190323,6
33687,166,6,748.5956856526199,77.35251662687448,760.9609813274208,791.2025580727975,837.4727050903618,532.5804964993741,281.8926982252845,552.4008094037879,169.5884217142797,383.5614071935436,550.79255925877,779.7527670882372,155.35349974360113,346.22751879216975,381.44543263959486,940.9918848932764,111.1336720952898,635.97959185479,241.98938443446195,838.6731009336427,630.5073660003156,543.2185863466972,371.6626057166198,222.8349998694733,516.6222056938616,730.2132902021738,252.97391525286605,619.8409686193801,580.0671856297696,319.7269409021859,399.47561942085963,352.7677338338654,254.9050312899298,552.6027654699509,417.28835648237305,237.9852741619467,401.38811682877264,424.47645008272497,94.52262919785015,161.9722228208349,569.0173333036577,896.47912377456,962.0976231709105,7.190323516361841,277.7610897247312,769.9925157098588,574.4574327655833,424.72870490733783,620.2370082479118,974.5664788083923,223.4224223049822,15.258130082187016,267.2543536941303,6
41229,964,17,552.6649447043591,686.0766326845536,306.1565650979552,165.34219893863266,277.0891986553552,407.9320779369356,663.2943689887366,188.6789072337257,104.1695684845575,722.0696553912193,254.1345998642005,724.4363204975825,435.5674103286692,838.9588360808614,139.60699856743975,900.4427203354278,654.8805390362447,445.14193039162797,779.2273938420917,407.1561048206961,705.3512950604675,180.99141517736106,95.35163090207222,927.5455774755145,499.79335163605845,643.4046438304347,622.952756220237,132.57962299687077,759.6643620322567,73.5735067546588,367.1654813393833,831.9548953715752,267.00601504550525,409.958609946531,91.91989193533357,51.33123364852177,100.62783984890767,871.0835588813379,38.04451452304802,356.57768727029594,334.8713635360968,223.16620712901346,126.57382037679565,153.6136634016092,604.5486586657985,850.7481008758242,998.4852005068155,878.9998154489687,797.1110105836287,277.6004065872573,517.5349824134198,180.11384560595656,799.5327457909938,6
22606,38,17,124.96514076448916,395.93918441942776,985.8884169081691,198.905059527393,898.2889113534662,378.38919495068836,91.42764237923984,474.7967588562158,493.13188451626775,467.3951071974172,454.70679799867975,35.11831486906336,285.4377314189251,28.991348379251104,768.0692911970458,780.9431372320013,820.9536695996734,818.0494430460907,25.301306120779522,308.20895955943905,555.1101100495146,492.80293843322397,199.7389623912339,584.6257516888883,48.274209929185744,537.5106679764983,642.4037635296927,9.833466344796427,628.3849050638513,191.4846417205447,388.5747721319939,603.8296339147182,281.4406388825299,668.0391727745385,441.7235575349657,833.8404808540193,468.73802838652176,564.6400450954714,620.899488177616,671.3434089276609,609.9707882226069,594.5772901409091,247.73346587962175,862.6708839208866,659.4904564128266,410.12030807286106,102.90790727513422,788.3321677169376,312.7313472924599,874.6741061388991,861.8553968736232,141.73433224313015,139.4871360011104,6
1382,628,17,380.20594776502315,281.4348037692829,837.3343609073486,75.30609261051846,204.28208675302506,961.710970925768,6.7292800750727855,893.5725561234862,292.53864240112216,290.4286174345898,327.09146056124115,287.0699291370223,648.3463579943746,49.34598371081522,825.8876566740324,561.6667642308523,788.6667873126298,476.2648353964706,880.4288513780058,482.48215332158804,820.4370255041046,829.3208683166488,947.3896817686832,157.0042785668311,906.0689518119275,352.74959684733,132.10214582787648,582.8433652478723,194.34404417194074,871.9521983252527,548.2976789642908,524.8002412882781,625.825521589176,632.8426295095384,663.5788161817535,449.10793841440335,491.11162789858656,21.08474804500604,712.3331007850369,296.2330028129255,874.0855802663272,675.5502296231249,846.2159986370607,334.24229009109854,211.1393156483595,116.30261554059518,299.64268884295495,419.9393591848264,922.3927682436943,381.56641547579375,967.6344385044185,451.5426407215638,939.3071975874624,6
49612,233,6,24.77851731597569,405.477671979911,51.26277343312191,389.30476980285454,810.3373900181338,423.1808032176622,128.70191430719692,991.6530549338441,254.5097140089214,464.2922953340919,688.6160656982265,115.38082056632793,671.3871123030526,657.7293235294597,897.6710233756563,249.69436130584566,768.2605898358523,809.5815550731427,379.5282387242197,721.0504288781609,379.6280018917507,455.05942970760816,205.23749352873511,98.1108287603053,884.2054744801154,814.1794964415202,594.9940413976693,194.4254209195041,461.6257510811891,900.9376477160008,699.9285947760618,25.235416554539093,858.0948555197007,292.0144835558826,419.8244160257498,850.5545921338307,897.5677541908453,423.7974849879438,742.8408579030466,72.92106684665612,808.8762184151124,266.68193616737756,453.14711690828057,730.9039557072366,305.1307736126436,401.6670945762869,873.7789967567566,842.6672571628825,527.079549546751,388.32978486073335,378.26645631318803,184.15895980567043,600.5585901741038,6
28951,689,6,312.9294319041117,734.0902637598284,792.7571528849085,178.8011324805159,185.21557427391988,225.771655124269,238.76467809771273,328.4751924204925,33.0439641868453,960.5661406320202,225.70454802682895,996.6290120052222,232.25521268057548,951.3956079761991,604.99821034473,62.594436467668714,38.47565359495009,332.4025823777805,814.4855597641674,74.83501281213101,337.0201123535005,766.7542667406666,830.6657311496614,37.5080228785839,577.4770864395563,465.4271280996105,323.0814620939584,630.0180594292008,802.4025231971934,961.9410078017398,949.1526512551069,72.51800932245467,252.67333794624335,866.4072436599034,248.6838109846923,568.2223021053521,422.98105452851706,682.0030353029454,428.2517129428144,38.211021337544835,348.8684673931054,818.2723046814742,453.3456500112052,203.73433120973917,184.23614435412927,972.3492674889162,965.6062244611581,353.7105244792369,98.16300908029763,298.7551678332998,485.80621914884557,531.8857354765522,589.0709738803575,6
13649,177,6,198.61077204217747,671.7501524950737,120.41053093472343,98.29684150322649,475.55371284414525,829.373844072146,577.7643565979456,274.1358211146071,116.29114152125575,509.95588298659413,456.15502734658907,774.8788613801146,268.73964163519116,638.4492929770089,135.07381869730273,185.39164336310955,932.8561123594991,119.3088548269422,71.942775494507,665.1935042261434,203.37675141209098,687.213459353611,26.858403816143795,833.5264166890421,146.33979981145652,125.40789425412146,913.4637583704624,236.86963124745597,824.2641353365585,189.2655361921779,430.9499434978984,295.0040204689519,226.59267904585812,534.7828999964808,581.3696905230668,669.1458925286644,719.0392301425486,545.0378238304739,997.7638273886424,41.5899551818888,525.6885866472213,328.33986315815025,410.58468044332454,252.3632625626021,174.7503075969651,249.20419390031412,743.4909567715806,521.4475772324777,465.71661172952486,756.2484418477952,860.2271211745185,18.781628289844086,538.2400101931756,6
51211,941,6,307.61064640190847,544.1560260315572,174.0889411959634,580.7626137035019,502.47309916615256,649.9612888469596,851.5000215888109,643.2492743609763,616.5182633874365,776.9660341733587,863.409678805438,529.3233923565413,519.8101252865339,362.97063276630723,32.78436493536208,794.9175540348216,544.4527932757443,676.524468311738,37.96039074444379,208.6506698378775,915.5234361880929,345.195842840374,966.1168985900326,483.5343639296281,868.3347521332103,522.2132631970806,822.3573784723316,899.7242927743738,170.76854254155305,913.4668580072977,855.6866995937746,139.98192023739298,208.2043596795321,103.12603205024374,266.01671431318294,515.2647193089449,851.1534686002299,947.5073025107132,738.9149677566785,115.05184492388499,221.48911017534857,222.38783340503898,316.48876836739936,885.2194717248735,700.6668029403835,110.20195027589807,416.27326155050423,477.27381073436993,239.29985852506897,640.4795474186108,3.1608934832211277,864.6751249473199,762.7685095873767,6
34614,943,6,314.5481460440976,437.66303746324843,987.3725214112518,233.24104130187195,875.316180450945,100.22559498091421,832.8140150119016,496.2256923155367,566.3630373659107,302.83734923650906,54.277425831296355,94.18580775871743,524.3789919299094,776.2769619423632,967.8385935006055,574.5039845440193,759.2175761278722,658.2054873334351,232.18389659273174,883.0998286954675,332.9457781110314,261.85480462292287,847.0436627831367,545.4283485037636,193.2960836875961,349.93052821361323,184.92806406282114,270.50603685617324,259.9011166313232,573.9374367848609,116.90277137453886,32.15113318544083,83.98131966897814,640.2096589451,662.0006452124993,108.04463534835219,731.7139387186795,367.02341517443404,676.0847137296297,440.2856358301437,780.9616189910496,777.0647113196503,289.53916503301815,454.9960082987437,240.89581383261026,334.1375975371552,955.8972525360792,499.0822391062176,383.18611510275537,628.0249343936368,684.9719491774584,330.62515127814527,504.0774491514654,6
16166,625,6,530.7223929608136,705.4014217424909,940.8266344048516,252.78628059546992,350.20054214325734,58.64168922211665,601.9651123046319,452.7224423550441,658.9628904301879,725.2899162711858,523.6248920837148,9.18764946807582,511.7055166252046,423.92096836225903,809.3591549960856,156.05862418809812,729.9320976076656,671.7229215163586,660.87543423937,775.8562560177992,646.576517275627,704.5086619792106,751.548603118831,902.8980607397704,789.9751770637914,166.34724181208705,20.243074576962062,811.4750917638007,624.9707695060397,248.5053361345988,709.7365714417441,794.92273360088,675.3676365582367,921.1150114456784,47.32489161502373,218.3412859184316,273.25176441765177,459.5700215954893,760.9296662258574,632.2177336867212,400.900184006588,541.3687470375805,16.016380268589316,372.074166982704,658.7526670270125,497.0730123766548,396.32561384265455,577.2222116193532,330.0474138179701,859.6164062444709,144.21546901805172,753.0344286525294,703.0110910991464,6
45044,1018,17,259.6391268441898,377.85139328046455,27.349929921203774,737.7341262083701,78.64441379795394,566.0159098018327,791.0088930979286,640.7249369858334,70.62408723708103,931.6132833662441,903.9128397340313,856.9250677346677,747.8980546620334,511.11313895495726,798.9429172544491,74.70189889787405,46.810033968442966,72.50721863750343,849.5953680400156,754.4323545852235,531.7808342654836,371.34483010651553,601.0287216772502,291.062509738319,176.52932937904055,767.37539882275,957.7377825893058,328.37966054044256,809.324878938402,633.3088813243993,6.211577865155915,132.70025930384156,809.5747439709064,976.6033366889914,127.5935263741449,270.5038675064838,322.2514777582585,85.63616983190047,780.8058892433124,521.0647328654276,533.4891015110908,193.02744014784824,598.2984871553351,36.205557801056166,535.7062870142306,190.03103254905375,138.93009387629428,73.83197055729373,950.781268975546,477.9793666585717,58.69593011065444,566.2444949298866,278.43267731539953,6
10762,642,17,858.3369565477427,726.8117636463894,278.62709329173407,483.4094944267925,538.5043533934473,606.9722232599593,362.1249824738897,766.1675508936921,508.76554658024276,16.807099972017348,582.6541328440351,872.7797616536736,967.896685056292,979.1266055514375,658.4235205080546,418.66415726710983,446.12386697711395,164.76095080954434,612.1440040625477,771.4241450679523,818.7408297984798,500.43121723325544,734.1290665857485,588.1903667256689,999.0654272441672,888.4526275620988,952.8439198916606,621.1545055868964,456.8176182743524,971.0778269986282,140.89221252479268,470.10753812657356,880.881634440836,658.8125091826602,371.68528190916305,530.4293799770671,176.86254947621228,397.2330437997581,336.37281004674924,19.63359928324959,978.9515634963221,472.2229183927119,273.4380950352029,292.67198489666237,828.9114593689421,236.7138016260445,677.4495286129668,742.378884293719,332.3227214882141,972.3187823256609,188.60243469231753,187.07556499391242,144.89305652908402,6
63551,272,17,527.8563798300883,397.2166550023478,416.7024464861462,699.4310161679766,46.3821743400058,222.40133611453427,601.5681034595555,52.83425755981585,535.4051023917183,224.1737690625667,819.0716217154132,191.5273853791264,778.9380047443298,89.43280298331769,658.3382942798517,381.33262315905046,10.514218985402835,36.54514091187644,977.4542445192749,897.9702259370423,455.659237501132,965.8712803844797,722.6774995496041,309.0593060401847,17.081007086546364,839.7553611969503,699.3040464728298,429.50112022661114,581.9449396542241,61.58745601109838,870.2160659364708,875.3690837041062,780.8629713884246,907.741690014335,734.4576722859209,887.7052642675351,303.3143742812864,692.73602215361,291.66819806518043,153.7393119236151,223.65007643927714,537.3436709499324,64.63559663090356,293.5748816769657,559.7918819514216,378.3978368673306,61.60901224856929,655.7281143016514,495.76087032810057,856.9864524403716,579.6192620318576,520.6358628100296,115.86014546261725,6
51758,169,17,173.27759963819068,489.4299946667431,157.8112884015387,774.675673505002,33.96404389957641,520.601709502631,355.64334423993273,848.3368385309826,855.9010358547279,446.7029722156087,790.9559024875475,506.08002979686626,426.3386221795876,809.9284619816657,194.36131436578697,597.7861413804496,419.086457867229,952.9932066828206,315.6104992300477,299.77125074133704,285.57748057906605,666.3191857626308,979.0080333888437,35.40666929031866,704.2686845750292,541.4780396358937,149.74180908514657,367.5049007593647,542.5145600640341,586.1252906602047,446.8440294026491,295.226330475459,696.0732678302148,160.87077071928346,989.0262367407679,714.0561481997922,22.19845082630123,316.1131585518568,331.21631497308766,619.4155718347901,333.16126483688066,801.0026326417668,945.1986885466928,844.3581975619584,906.2851353898104,874.9980448344173,552.7114739188529,651.4197375439392,397.9729049728853,248.24282689694766,296.07766103330334,244.406047917176,736.4664827147815,6
57623,244,6,949.6411505026007,560.5784478479453,560.17888286919,613.9124421867685,510.8627917166073,909.2142473945081,986.8947583794288,592.231426003653,358.46012097556365,757.8595466900027,227.5369171420919,390.2771421492716,563.2692316351181,357.7053979711424,55.01972471746508,314.99008003016706,225.77611142879883,109.76056719558159,311.19911741972305,699.4221084745967,567.7297629122755,225.629705509671,629.2884689637385,351.76757294096916,170.8674436686569,517.0518003061536,665.4293707424678,124.44870335003355,185.228097901183,928.1755055341465,405.7396477084498,506.4930186744173,345.1001659633292,423.5946743718972,902.6990108013114,224.82070053335556,976.3212024523609,124.54176591690747,688.6358692111851,726.5881556413432,932.0441638980693,714.7230309366096,301.0182570842874,807.8473579934314,185.15095289199513,159.69667667951427,741.7460661809469,391.3633791119356,303.97700310360733,927.2502275583121,258.5146979280819,197.17686724544802,531.1367712091452,6
30526,65,6,908.5779945146496,66.61155177479029,384.12590074037314,527.7240996139658,243.82080209643254,485.35442383457706,100.54343009981481,330.00598383527637,262.3137011317536,221.78667703444876,773.1114585787134,158.99753625822265,96.63209398423855,86.7706930647848,840.3275400044877,807.4620943362845,315.36187801764936,701.7283628708064,135.17126773201028,797.4826308862707,950.1344110667095,137.41377451939462,599.2853020832366,508.27438169467973,862.7451306435682,894.9426982996782,589.3804516259438,455.11317618205874,195.39408815383186,40.08732855201136,847.8906779879682,583.2808673172005,644.0045553553355,60.43980804821059,767.8202515476412,118.75605371281806,359.7574231972821,899.7746250933768,789.3332829424357,446.90628658584296,270.2450574400389,332.70978447905,889.7543475125887,111.96638232798928,402.07086827923655,626.6017121206439,240.3073989779654,151.97934959071625,59.663357065123265,563.6125245317378,168.97339075548246,939.0685920926928,72.16888116433363,6
20044,651,6,752.2202260713216,192.23196067549586,288.90784530818246,827.4619399268468,941.5103591093948,233.26010432710342,779.3695965076734,900.2823130146022,679.2119150778765,504.9799901561525,327.60355631662384,559.2206068122367,579.4343718481038,959.492404404575,980.7840062511204,321.8241054543086,940.0185893902077,994.1320751376586,59.35576700550882,275.4159559031736,89.6195061326166,232.24308270220217,343.65825488027224,368.26271877819215,329.28211635934423,853.9209966141348,465.1187386969973,112.1790461162997,584.1219688775819,756.519517045705,831.3712377933099,142.5634419530597,386.2476782997848,288.71275434953526,934.5782675039228,26.896793688142793,674.7569378648901,508.79452606201147,549.5273468708162,663.4480876084324,967.040671154244,373.5172892065859,180.41554651399284,864.297029999357,349.6190655388861,520.5655877242939,136.9990583687385,556.3655579895791,93.8554443484727,513.0337349449384,297.49721167191944,117.0029394421741,185.7199964122087,6
45986,429,6,161.22731665312884,777.801054655384,16.57539166806643,698.8455974916693,64.18617028620244,156.19802852694332,578.5830621140466,8.872421901686689,453.3705952006134,346.4985426223984,130.50958889352137,227.2883444456607,894.8453758836829,825.3411347011112,631.7513174614983,841.9471172409525,584.6164158051309,499.99049803940255,395.97081088086895,605.2405685248083,16.849578280064172,231.35834685669354,658.6300862023846,324.9491593195645,255.20296534692687,443.7260916779607,755.7862038646722,598.27162835344,511.9253285618457,663.403461234419,105.2537252283956,814.6959752268161,348.7398885517531,359.7531237587357,894.792532847696,522.6973134221523,711.2066490315652,264.87409886017366,522.3737435907086,8.206814071505253,467.8625108179729,579.8200138204622,463.6321873471155,822.8999725367995,658.3581445112876,683.9213714814828,253.9367730475781,476.9074420299715,40.02591364084607,300.3802134531105,842.4138156546148,38.91632790112265,812.4623440213727,6
48292,890,6,444.29149122626364,469.02194583103005,605.3254556486786,775.1481167407219,295.49359009567297,370.2610058754463,13.3458543918481,953.1062038649846,276.49481018483124,907.8085455038466,713.7337826230329,504.52295853849085,332.5199975457186,967.8674274672037,916.2406755349696,311.57772549779025,409.777694361372,229.67033170966744,577.4506069435566,216.6026533199491,555.4495558741112,569.8331378737316,621.7539979726839,690.1206551320594,864.7138552169697,833.737927623076,625.9714633871845,683.4222491753621,363.4682991508289,383.3254948116612,583.1159713453349,732.1000565997881,810.2343441765985,159.15001024354902,146.4572056782143,214.56891291009293,949.9221635387358,579.4902284799781,387.58345547584025,932.269182503814,423.4716832583587,227.33034488782843,300.1587440025657,779.566383998512,665.4843847204684,189.9658188936375,847.210477574439,951.3612646998855,698.4329260596749,112.15635909144794,630.9784221793391,367.8992736208052,723.2847623176231,6
2612,556,6,910.6821189720911,61.44743422419951,344.3548378329595,761.3404722610077,278.41129692077106,654.5902579450312,623.5308603117292,377.70921269004765,483.673447728565,736.5628756335442,51.201222295365056,528.9617048602262,821.6439497458938,272.622230780434,559.5152634156159,726.1071821498075,835.5595762419589,141.13609069541045,884.1067374826475,315.010578398543,981.0745367132827,689.545951353013,954.1033466690598,147.74890409962848,627.269723804267,446.4924317255734,961.7387589841593,0.9066989537171999,919.6520084456644,436.2060047831324,979.9196089949426,433.3960397443708,116.07049618733312,101.26030559708732,455.7273210203169,585.9210463105155,753.6193842647231,983.1958970487401,877.5431457059798,665.0334129685192,167.10183542879042,545.6404976119354,278.01310792315724,560.3322813526913,975.3903825490161,541.7330553157134,704.9564794746585,511.1166646826727,158.54190390902622,888.3432340467383,469.05402474508594,839.5737473266951,338.2030858813074,6
8556,129,17,963.6237667678479,515.8746451210496,241.1000880741212,370.31090027001903,145.61507861714352,684.8065557589603,740.222813215183,934.9736631317278,270.8548801807245,925.8234935478897,748.9676457282546,506.6557256755978,590.1042975751033,562.1863503893585,480.28322006794997,689.0202785693675,224.5302461310258,130.25775675627415,699.5319323803733,13.752060472818407,551.7031257329004,800.0238298638228,728.0150386264716,502.4061125112752,773.1581957660651,324.251392834499,983.8458601958743,501.484562292173,134.39874030051058,523.8335425688833,498.7716581782258,479.5970779772217,610.6659271737142,142.22575467907507,450.37092661426846,814.1121816384838,146.05527206121704,466.74096158751433,715.239190042592,340.45773674756975,673.5068952815218,568.3922882973321,150.6595963232855,309.08100096712496,528.7362348211183,539.9620879645682,985.5219765391993,584.5197644478642,747.2469225539402,171.6678823641762,936.9353021649631,26.225170443897937,539.3554663657695,6
2903,486,17,277.0599702470697,456.6648688726253,152.131891334814,206.29123386401284,185.1789445039943,256.4117310018469,146.3052218091445,884.3464154152273,230.64008501944878,684.2792063336259,367.69763909797246,473.7726694426251,677.5594106120811,306.4500787216845,35.335443752336545,960.0319042159867,923.6776378245336,423.05219871628043,508.16815592186913,991.4749535199832,540.9668885121504,124.01447226616202,296.82121603555845,586.0287826138866,952.5725401222211,396.6852450097654,383.5270760958349,781.9675381942253,356.85868123103313,871.0917113412963,593.137187687201,366.7600590459221,208.27103767766232,868.58358572761,107.67148788925951,995.4524643129338,983.3042044728668,605.8932845094093,493.40387880720647,220.63074726881592,977.9043817335686,191.06243019735425,409.67039631163715,508.20570318347393,791.2491961768438,463.49964582980994,614.5657797886159,793.5034319881347,620.6219506012079,425.2960696594329,363.893823053015,767.4442455644715,997.0916333978671,6
22394,143,17,585.2001499454055,800.0187293089651,264.594945970428,444.6968882560115,678.68550428485,331.1925075922534,465.31860736225985,97.16896255260754,450.88829323349455,500.8679784174142,404.44044771033947,913.3189994416423,475.45251195203673,761.6049268145119,375.4141905507711,668.1779383575553,823.0250669157144,646.872303533303,193.36359370743162,604.6251900540216,892.0183926331038,983.4665538841957,126.8538354658264,53.502745154872414,73.09168255078669,656.9435387591877,780.9228797010303,97.63588480715113,97.62052226805595,126.19373005908751,259.0333928546913,401.9222981258553,585.8060449934653,51.35148355133834,932.4274479136064,56.3247529825992,967.142079117806,71.78908548795926,896.7922817244448,802.9355186433086,362.3123007966793,181.00038901266834,811.3916799463088,132.84909221097496,778.0287287515384,874.7702817275357,764.8751239138011,630.1440235570437,580.5034553242685,718.0701712397504,302.4260266807347,186.5523040694801,962.7711371749087,6
49925,948,17,6.2850846286932605,431.17446299091966,706.0394277561048,939.1045851949493,22.70489479190141,392.8919106272192,323.3479443800449,513.030727139271,232.3237631056282,362.14467699797024,268.68513328830403,885.5735073178464,886.4828672507692,440.07508022976594,870.9488950617261,786.8090126383048,650.1226912068847,100.6856222696122,558.618171900536,68.08290500381598,596.6651371778834,34.84547211260658,128.95870043541214,572.6266565518467,663.1125261959859,619.3068225784663,455.38963876910077,849.980897611311,61.34051955208619,484.08357119510106,694.7537432403736,931.2253428622616,132.94890120671633,976.3977680914813,916.7250587350941,530.2332785258874,494.09595089834045,400.6477807401866,368.449803595959,609.1744566542878,204.50811180133434,705.3904029460645,587.1956025262893,744.7025696716098,868.96554370935,302.823878507274,67.19259061068972,963.5427170916764,776.139029941803,42.05109500048465,543.6397990141719,414.4975871594858,857.6211060368731,6
14568,365,6,283.57880886076225,515.549146485678,493.95775582454115,960.3760810069252,407.6182118801438,424.14973271304154,475.03691705065387,477.15428264376527,660.9372173314974,162.13805404390448,527.8020685263191,819.347063909732,374.4652761467376,521.1023079878269,192.33102949714097,122.52271536689507,783.0733293475352,869.3428049769452,158.15887726899115,379.28138049477377,899.3649145680442,481.03770505053853,811.2332940278746,522.9504291773292,997.5440151212847,56.271653640056485,988.4541132616295,946.6753787773182,956.8567837736151,151.48846251730498,651.1076711343175,771.7333295505974,774.526689253904,726.5026167164337,402.36219634040657,116.14271768666052,345.4380430364725,330.6011971063645,71.9513481665156,420.02423481993503,208.1736295904454,526.4512416437325,173.99370610062746,534.891205268118,992.5321959420022,532.171387444277,138.03480603637018,862.9203839495118,3.282612841561061,363.9482926509352,348.2111000108089,716.1413757208247,590.2763756544455,6
47633,608,17,528.0826283165668,517.2457242793186,403.41492947479975,985.9102286192242,469.98709482683745,605.8198337901116,243.41909929512417,206.03116405179134,477.1544114697032,660.1719800313688,188.58155361216834,439.0288857067146,861.1241664087781,58.133454209272074,401.87251555182456,258.4099408266437,956.4810945481526,190.74705944214776,574.8474541105807,111.02931229608303,562.3377385737884,854.9056937732347,823.1393764329965,207.29022264743125,309.37014733811264,938.7968580104608,495.73151752487956,851.2406311406837,483.08833009021924,502.7000164175284,73.03450351743146,371.4675054214428,176.64562926971038,198.40309050373872,530.6883207066227,220.57048451807083,374.62213166098843,14.716469636266606,511.1788080633656,187.4539034930327,711.6975627747685,519.592286377113,219.70372174595033,420.1710285490882,843.4220438095834,338.3058186576725,632.780087093798,40.281655898994686,724.0196168212578,939.3301419146147,743.1931628750394,729.0928508888408,948.1222021326564,6
25816,269,17,791.8750799259652,5.516783669206826,693.9569067815207,695.7537902220979,677.4439397467588,296.1352333610923,737.3547293082602,814.474824398735,346.4900190372536,252.6520273542936,216.0786036064809,383.3827888306836,348.7473738451633,437.737138144564,926.1727649207966,378.41535153160686,994.5034980525518,720.6241453553183,486.7905617497714,882.9524114464489,509.51840892514844,151.50292437567091,55.36011188145451,886.1922063714214,144.329717760033,872.0712955633232,605.1776917937177,75.6394451370247,366.86343050940616,833.2640157034999,10.57288559056413,785.839877970299,570.4266963895935,866.6944373482804,425.66718461913024,109.75572077013706,281.1862122170545,343.4028643290524,604.9865794064814,496.93718809912355,366.8300706199513,995.1653245881149,873.3850126036657,175.31367499292537,249.077665409679,47.66889044175515,348.40437934553006,345.8459285375286,580.2422796634531,15.45090585074571,241.6062608287295,815.9686888693385,14.729914862577465,6
63152,628,6,450.04008718392816,762.603356235993,860.6386693035931,254.50886147345108,526.6383137565695,440.8025549885427,325.43414202681174,74.94276071976024,647.0332845181597,199.3329812998923,75.18083614591443,737.5423213488209,856.6617212479828,888.6181760978556,110.98752350898866,133.01395678755011,478.2384721821122,135.0963164650547,759.3558033361883,797.3970508925742,645.5850439817367,601.2450870690692,960.4210260335592,370.64201790998817,118.32316142354826,711.435585429994,204.6741432228264,197.0699053503171,825.9428325743903,274.96036965840756,865.8383730208138,738.4394001339767,377.39029614241025,253.6581753081998,254.97983005424686,249.46140043234965,2.661973389964767,19.85298599072971,30.35367472729067,554.1841237593484,758.060767470184,434.3414342317896,466.4036042977078,724.6285435300739,744.4610864635913,110.01881869860597,955.9495175719819,474.73788713827804,838.3270428824025,287.0955383272963,302.0971617919481,197.6447105241833,877.8034512067987,6
1269,181,6,883.7200167383543,901.1636606799722,822.657171091329,509.8026035309231,145.65960165193525,353.7798334570601,219.52727318824682,395.5855649389505,431.78994111206595,709.7773330759258,149.1314929305204,422.1862477218605,566.9729745766634,339.3999261837244,834.4086510881888,530.7052727947529,840.1955183754311,763.2670412876724,569.5589518270192,766.4169738606929,274.7524471492316,421.49595576540275,404.71409099715316,349.9379403410383,723.0466533217568,310.59551883216227,331.03989108824237,567.767085704803,376.89125364199595,412.35969032494444,658.3829188933336,632.2296453022672,903.850759052983,29.84933871524442,312.9266905596072,704.7587880485772,620.328493399769,527.381320274136,253.33488811266525,456.04379774546123,505.4400297472306,92.3727061716969,210.03834970144752,866.3097666583074,80.84462313408902,540.0420606262028,325.49499052940547,240.78499383282158,136.19287536644464,452.4785643950003,301.0085455640675,773.5676670875748,199.12679804510302,6
14311,921,6,300.64343452950106,901.6129380073909,760.5361891159425,744.008630256303,661.1387098374603,44.371997900263025,94.89419994596093,611.5190967181958,72.52996127176026,452.0381390103244,654.5032432619762,399.99785093797936,670.7222764201193,932.5407301793407,261.0802496793764,21.590866566620125,2.945903741369049,935.2545957695643,140.54529530637717,89.85723844136895,520.5916101880943,432.5305378617499,748.8783293366457,584.4096999282076,324.3415943964296,440.21522786620704,390.57878365006,712.7922564910957,301.78620923923114,589.9031935543453,342.5284911712474,643.1499625594724,841.9288801856894,418.3183371776054,645.8806778866272,305.1824973937092,413.9583805678111,81.93785868004788,654.2710955571264,340.53896149358644,186.72510786598707,289.34543966714455,426.3198541202633,210.2799054567973,135.96163352279999,546.9564648329751,648.4930624954061,245.81700758578717,583.4460423191533,932.0949460092165,720.4566621513279,513.2343223926476,552.1099831258302,6
28179,399,17,797.303487963137,193.32114944957456,659.3189253681303,62.99787908501864,396.9217878604664,188.12096508067398,454.0214850892739,35.70801772327093,976.7976617274652,391.40904067381285,704.0150830253639,598.2128454969614,298.4325860624616,435.31976789153293,720.6734913022538,370.0485180655585,852.5703683901212,365.40355827788187,912.4589189718812,808.5863933560923,176.06183771240458,269.7730115318259,564.2373037910494,29.54226293061368,187.7785340474244,694.2195929806087,238.1182038459454,556.7540884513467,426.1786428491824,638.9045412220142,444.59668289538354,507.4550676089456,955.199672086409,24.293800226022235,366.9152378804773,754.7832233059015,585.3320388997773,344.403921702233,857.0446807718693,980.7956623795341,833.8272423365908,337.07468159224794,321.40281016323877,874.7625640957274,494.10430702706356,800.4976311395409,273.90915271090313,642.3738912467809,36.70533958094746,721.8458214384996,395.6214341558396,832.2857983782295,36.034963119530026,6
6598,143,17,320.79058370265744,875.9803806178354,130.54984378267477,385.08970205809413,651.1619985675654,738.3034405017839,236.33618077405572,109.74947718907768,274.87545722976193,591.6352297585909,164.39614313701313,543.9600960506767,775.210898737604,780.5782404169546,155.64254242208852,36.65910786420212,650.2422057933686,499.30034861341244,245.23565638453394,99.60320040148306,644.6543932334654,299.61281115750836,5.466679812093256,57.12065311408043,157.2921176255786,28.29679593851775,389.61424672832413,820.9532797748592,399.84282204501955,570.4894434286396,878.5794679284096,625.8623244993023,369.67334991697555,949.5452686339565,849.6672653062584,423.2691917879662,987.0688307504452,229.6706502020348,536.702394276487,13.979370719974682,669.1866141259131,955.0378540316451,977.4869938542399,841.2752412710452,744.5667776263347,864.0529050812468,273.2136962668099,703.9970006702953,335.2682873356444,627.2256034790406,341.05459544671214,448.0777378079315,55.04054084952126,6
29866,795,17,54.193945383766206,915.3106106416056,588.1313144878374,762.9494121471539,911.5538065384942,790.4080588272916,881.3375141419422,277.8983396076509,77.31728470237498,852.2800627156083,271.88204865211776,487.06806712578646,491.86789907351147,110.13923567544559,754.6673175135372,584.0636141350001,752.2410666430568,628.4769322524279,726.525743898307,170.0411809764606,771.6153948421392,45.33688583650797,794.363274457983,22.608979083018177,85.95356160301392,629.6279827604496,516.9720816313409,34.52685661131771,571.4560939815098,149.2435022562595,341.3835042424275,483.1237667515078,578.7652728043474,511.8776377814097,842.3165697878234,539.4824277095773,289.07350650398155,817.4607298423335,226.16873223472456,587.9828689779204,949.7743801042801,526.1956770687689,824.714367036765,474.0738411721469,234.5829942541533,532.0877044674373,329.5876203265572,695.2760623248469,844.8428668945312,255.09584336091652,843.5506480371183,198.24566320615577,67.51825316242521,6
54510,569,17,344.6369196954711,16.189035069779756,981.9009494518803,797.589659680487,718.2286115625616,889.8866171300813,793.4723912376552,726.3593520352026,319.8795730336276,810.5907068279469,681.8617938232225,267.7779294658087,766.023661038767,154.93419178752154,741.6729740234678,572.3122634046993,254.75760924470958,735.9502451743488,432.09611836303,589.967464018215,418.8406303854322,663.3784157884168,160.8561444502635,856.0187959986969,520.3221245591566,951.0908414139545,559.9234538772508,109.3996377098988,778.8470061374849,758.7039331052516,285.1952531271331,812.368045409792,456.01330668618425,669.084593651213,164.11661402653843,697.754626864597,202.01970895250943,693.2832288097663,429.9859543960234,774.8237531964297,630.9576078541916,350.91982880476246,321.5599205063292,972.6741727262944,863.831654936301,783.2498471473509,367.5968529242605,951.9949375126681,673.9458972316942,523.32261278667,745.8254481163441,288.1630761287427,943.5222852062709,6
56705,333,17,50.90001448544468,781.9172703411278,293.5984090849821,773.0572067514361,364.4636417682745,670.3656862429041,332.1948842315228,100.66174815000328,829.6787708492316,387.18388780453097,295.82100472335094,485.508974329893,95.71927567582905,972.2282847063725,125.78345040584415,782.1016630739961,172.43587300693486,513.387801620971,570.5300508619889,59.95145256471757,4.7681743977499025,595.868146864043,240.9560894255629,339.1730756406567,186.20474636127403,576.4054061151725,486.53659631983123,14.951503250775655,143.58102204219247,937.8858512629174,478.759528353216,643.3747805603256,778.7607362081906,31.345615858845434,553.8341527000687,838.9350752621923,515.9706347285218,65.96540468429146,164.58988436232258,622.7301587464644,265.54050155609065,653.8161477723098,220.59383778950325,573.1537818470531,440.5673037473928,214.17286245971312,537.6700043791199,114.79963366926782,29.451920503451134,265.85613899984816,919.6064009560589,88.53777265299101,476.86782887057865,6
41808,511,6,591.0021247652614,779.1625197389042,722.5395126458582,59.81735834346536,820.3166667139579,417.55990466297266,677.0024828519817,615.9593826951533,383.51527259800287,997.4141924873684,346.0777011707795,230.84445281074238,137.77618271788361,509.84651944123425,999.421567678308,218.67166453319052,609.2504319668651,949.2698397773775,164.5399956628376,259.6619737409377,669.1606588185936,704.5870205468318,454.46123725172504,598.73471503476,768.6143534880305,579.9184296795548,173.97066400305528,938.0990896532016,491.6566826542166,28.198198607826797,627.4542332470942,997.2192638936705,500.27633696771267,728.2450337122335,269.8862634675604,830.7687614754759,288.17611812639245,980.7093507941183,100.35678896771627,894.1388665646055,291.81148547934464,964.7018010559894,202.6200685104208,823.1632252578729,25.520862479851083,930.1785157980148,910.551066010378,480.5996354598847,370.04620414002545,194.8454013143518,289.3478810836362,242.5986161733069,895.5956060519899,6
46881,991,6,125.24339837427145,424.78317167598345,667.5584032783576,617.1709806734399,691.808693120119,729.6672938661724,618.0120880411386,186.0425893158387,895.8141327144515,994.3314702483564,443.6405566294559,467.96900942168594,629.6556487411606,568.229432612623,656.3592622180952,748.548966524364,302.4657474296237,635.8775300148714,936.4648904777066,449.4515237746995,638.5691485235895,753.8319709795629,804.8990440855282,265.5714996608304,826.1481942525455,981.4992605772753,333.1257409674605,476.37255562633965,484.8196218777391,301.98023230105053,970.9199556899952,874.5715754415821,533.1295886703125,853.6189633772209,400.09302151795254,170.26876970944582,299.08380777077804,685.2732262146225,344.57656858039564,499.48373444036207,143.85392976833532,12.631642393060915,498.32501124462704,470.19703813111624,399.8577876742001,356.64227803074135,297.40196262850407,766.2269700655099,222.5283576202438,694.1509253081649,461.15107282996036,592.6718131020024,67.30736923034964,6
43457,295,6,974.3427391001773,975.1863061558915,912.9942712855496,720.8662581993067,856.7957682443088,862.3619773590542,298.87123303089004,215.81689412362635,872.9796082976013,745.9340528965422,304.50125719112884,879.5983200349982,239.4380295820161,598.6005914166951,991.923518297605,396.78122108995126,582.2651464581983,592.4991298982728,939.225791628207,608.5032728135378,825.715511536208,277.491769005233,341.17058231586026,226.0888707731683,217.32391607479363,35.7368539125591,837.6937274268695,806.3886037169136,364.26617484765023,429.1693467182441,735.4856368582841,925.818609503676,521.3969199555316,122.09539289347204,390.913024098183,35.49055553553815,879.4515276016518,77.72283096054522,866.9639811533563,876.4870899147882,481.97096632917413,545.1299597644111,246.33662796364098,170.4951106154693,992.732088280583,321.2380568656898,204.72218384184615,617.1433127138172,316.2164888988634,0.2419110000370095,961.9876012406563,273.31396759609083,419.38509089733975,6
6602,42,6,515.1098191193585,355.2095965081766,346.3892911199015,881.8031873369677,510.68456028309504,838.9521607966458,452.41013100688076,255.2742611789316,302.97701337362616,439.9561151860233,129.5967529126979,70.85037917467618,863.0319079852133,955.6889843423467,308.66867866890436,618.4624916677737,225.70768980888445,17.746062685140895,11.016486613793397,761.4729461176294,853.9038847469419,506.8421268046291,414.6832004559704,743.5990079305877,241.45137227484392,421.07156098306365,204.66203148475137,999.1614021146803,66.5746294651488,106.17756131030809,513.3028016987341,35.32391687899838,211.056119079306,711.0302625649548,393.5740302331533,508.8999788488446,264.45235866225346,265.97951353012826,218.98864094715685,926.005822560398,440.6160184751039,7.242402189439057,5.828559649569853,133.65629154686377,374.9814920594268,821.4782400669434,344.8641166686592,410.9760422615314,300.8711200924931,577.1419491924587,143.45225101450777,176.61103861851802,474.1414325852241,6
36646,40,17,108.66871324920047,587.8405222480886,84.51990990440427,278.30384885006754,396.61190201504127,911.380338087698,386.30643301754765,753.7456674901207,404.84373637746086,809.2450429359665,381.3264516828835,97.7389836020085,759.7634416654212,7.249242678535328,871.9906886793459,341.6288959029367,0.7571691614608467,140.83446506842222,372.8436865345989,113.9512637841298,757.560305149332,69.75849646214016,720.2379597851512,122.8399053230127,847.6876210258271,108.43403056695567,927.1063424516536,733.3085480700943,387.02174147645974,430.2294477602121,2.8244506860126695,898.692792621607,82.1121338729397,538.2624558309412,969.8470050621498,978.4376806099824,283.16118742712007,855.0845386848808,554.006166499964,11.81148188220793,817.4654890746939,550.6553309003892,763.9325270309121,982.0710496745511,637.8432405932201,1.0691550118623327,43.75958028228466,286.395768488084,176.70368711752516,89.43863305594435,23.095305220730445,850.1181781882221,95.85145297291598,6
